request_id,requested_by,requester_role,request_date,target_company_raw,target_company_canonical_key,target_account_match_tier,crm_account_id,crm_account_name,crm_domain_group,crm_competing_candidates,domain_hints,target_person_raw,target_person_match_tier,target_title_raw,target_title_family,deal_value_usd,urgency,declared_status,declared_path_found_flag,connector_asked,routed,asked_date,connector_responded,response_date,intro_sent,intro_date,meeting_booked,opportunity_created,derived_state,state_evidence_rank,state_evidence,state_confidence,has_terminal_evidence,owner_known,next_action_known,slack_thread_present,slack_message_count,slack_reply_count,slack_intents,slack_volunteer_offer,slack_referral_suggestion,slack_bump,slack_duplicate_query,slack_explicit_state_statement,first_reply_date,first_substantive_reply_date,last_observed_activity,days_since_activity,inactivity_bucket,potentially_stale
R1001,Imani Mkhize,"Enterprise AE, West",2026-04-14,Vantage Ridge Utilities,vantageridgeutilities,B_probable_name_exact,A1007,Vantage Ridge Utilities,,,,Perrine Salcedo-Oyelaran,T6_unmatched,Chief Operating Officer,coo,400000,High,Open,Unknown,,False,,,,,,,,declared_only:Open,3_declared_status_only,intro_requests.status='Open' with no corroborating event evidence,low,False,False,False,True,4,3,bump; no_knowledge; possible_duplicate_query; referral_suggestion,False,True,True,True,False,2026-04-14,2026-04-16,2026-04-16,116,30d+,True
R1002,Imani Mkhize,"Enterprise AE, West",2025-09-14,Volney Industrial Systems,volneyindustrialsystems,B_probable_name_exact,A1049,Volney Industrial Systems,,,,Astrid Quillane-Brenneman,T6_unmatched,VP Data & Analytics,cdo_data,400000,High,Open,Unknown,,False,,,,,,,,declared_only:Open,3_declared_status_only,intro_requests.status='Open' with no corroborating event evidence,low,False,False,False,True,2,1,routing_challenge; unclassified,False,False,False,False,False,2025-09-14,,2025-09-14,330,30d+,True
R1003,Imani Mkhize,"Enterprise AE, West",2026-03-03,Redtree Foods,redtreefoods,E_unmatched,,,,,,,T6_unmatched,VP Engineering,engineering_exec,400000,High,Stalled,No path found,Dana Whitfield,True,2026-03-06,Y,2026-03-08,Y,2026-03-18,N,N,intro_sent,1_outcome_event,intro_outcomes row: intro_sent=Y,high,True,True,True,True,3,2,bump; unclassified; volunteer_offer,True,False,True,False,False,2026-03-03,2026-03-03,2026-03-18,145,30d+,False
R1004,Imani Mkhize,"Enterprise AE, West",2026-07-06,Marchford Clinics,marchfordclinics,B_probable_name_exact,A1018,Marchford Clinics,,,,Silas Mkhize-Thackeray,T6_unmatched,Head of Developer Productivity,devprod,750000,Medium,Open,Path found,,False,,,,,,,,declared_only:Open,3_declared_status_only,intro_requests.status='Open' with no corroborating event evidence,low,False,False,False,True,3,2,possible_duplicate_query; routing_challenge; unclassified,False,False,False,True,False,2026-07-06,,2026-07-07,34,30d+,True
R1005,Rafael Salcedo,"AE, Transport & Logistics",2026-03-05,Ravensmoor Defense,ravensmoordefense,B_probable_name_exact,A1031,Ravensmoor Defense,,,,,T6_unmatched,Chief Data Officer,cdo_data,150000,Low,Closed - no path,No path found,,False,,,,,,,,declared_only:Closed - no path,3_declared_status_only,intro_requests.status='Closed - no path' with no corroborating event evidence,low,False,False,False,True,1,0,unclassified,False,False,False,False,False,,,2026-03-05,158,30d+,True
R1006,Rafael Salcedo,"AE, Transport & Logistics",2026-06-07,Kingsmere Retail Group,kingsmereretail,E_unmatched,,,,,,,T6_unmatched,VP Engineering,engineering_exec,750000,High,Open,,,False,,,,,,,,declared_only:Open,3_declared_status_only,intro_requests.status='Open' with no corroborating event evidence,low,False,False,False,True,1,0,unclassified,False,False,False,False,False,,,2026-06-07,64,30d+,True
R1007,Rafael Salcedo,"AE, Transport & Logistics",2026-06-01,Halcyon Grid,halcyongrid,B_probable_name_exact,A1008,Halcyon Grid,,,,,T6_unmatched,Head of Platform Engineering,platform,80000,High,Open,Unknown,,False,,,,,,,,declared_only:Open,3_declared_status_only,intro_requests.status='Open' with no corroborating event evidence,low,False,False,False,True,1,0,unclassified,False,False,False,False,False,,,2026-06-01,70,30d+,True
R1008,Yusuf Petrossian,SDR Lead,2026-01-07,Silverbrook Paper,silverbrookpaper,B_probable_shared_domain_group,,,DG_silverbrookpaper.com,A91032:Silverbrook Paper Corp; A1032:Silverbrook Paper,,Anouk Norrington-Brenneman,T6_unmatched,Chief Technology Officer,cto,2000000,High,Open,Unknown,Owen Trask,True,2026-01-07,N,,N,,N,N,asked_awaiting_connector_response,1_outcome_event,"intro_outcomes row: connector asked, responded=N",medium,False,True,False,True,3,2,qualification_question; unclassified,False,False,False,False,False,2026-01-08,,2026-01-10,212,30d+,True
R1009,Yusuf Petrossian,SDR Lead,2026-04-15,Marchford Clinics,marchfordclinics,B_probable_name_exact,A1018,Marchford Clinics,,,,,T6_unmatched,SVP Digital,cdo_digital,1200000,High,Intro sent,Path found,,False,,,,,,,,declared_only:Intro sent,3_declared_status_only,intro_requests.status='Intro sent' with no corroborating event evidence,low,False,False,False,True,4,3,no_knowledge; possible_duplicate_query; unclassified,False,False,False,True,False,2026-04-16,,2026-04-19,113,30d+,True
R1010,Bertrand Vandermolen,"AE, EMEA",2026-05-24,Larkhall Software,larkhallsoftware,B_probable_name_exact,A1022,Larkhall Software,,,,Hugo Norrington-Isenberg,T6_unmatched,Chief Technology Officer,cto,250000,Medium,Open,No path found,,False,,,,,,,,declared_only:Open,3_declared_status_only,intro_requests.status='Open' with no corroborating event evidence,low,False,False,False,True,3,2,no_knowledge; unclassified,False,False,False,False,False,2026-05-24,,2026-05-28,74,30d+,True
R1011,Rafael Salcedo,"AE, Transport & Logistics",2025-08-29,Thornbury,thornbury,E_unmatched,,,,,,,T6_unmatched,Head of Platform Engineering,platform,400000,High,Open,Unknown,,False,,,,,,,,declared_only:Open,3_declared_status_only,intro_requests.status='Open' with no corroborating event evidence,low,False,False,False,True,4,3,blocker_note; no_knowledge; unclassified,False,False,False,False,False,2025-08-29,,2025-09-02,342,30d+,True
R1012,Nadia Okonkwo,"AE, Industrials",2026-03-25,,,E_unmatched,,,,,,Ilse Oyelaran-Zettergren,T6_unmatched,Head of Developer Productivity,devprod,750000,Low,Open,Path found,Elena Duvall,True,2026-03-31,N,,N,,N,N,asked_awaiting_connector_response,1_outcome_event,"intro_outcomes row: connector asked, responded=N",medium,False,True,False,True,4,3,qualification_question; unclassified,False,False,False,False,False,2026-03-26,,2026-03-31,132,30d+,True
R1013,Nadia Okonkwo,"AE, Industrials",2026-05-10,Nortonbury Logistics,nortonburylogistics,B_probable_name_exact,A1039,Nortonbury Logistics,,,,,T6_unmatched,Chief Operating Officer,coo,80000,Low,Open,,,False,,,,,,,,declared_only:Open,3_declared_status_only,intro_requests.status='Open' with no corroborating event evidence,low,False,False,False,True,3,2,no_knowledge; possible_duplicate_query; unclassified,False,False,False,True,False,2026-05-12,,2026-05-13,89,30d+,True
R1014,Yusuf Petrossian,SDR Lead,2026-02-18,Northwind Freight,northwindfreight,B_probable_name_exact,A1003,Northwind Freight,,,,,T6_unmatched,Chief Operating Officer,coo,150000,High,Closed - no path,No path found,,False,,,,,,,,declared_only:Closed - no path,3_declared_status_only,intro_requests.status='Closed - no path' with no corroborating event evidence,low,False,False,False,True,2,1,blocker_note; unclassified,False,False,False,False,False,2026-02-22,,2026-02-22,169,30d+,True
R1015,Yusuf Petrossian,SDR Lead,2026-06-23,Cindermill Mining,cindermillmining,C_similar_but_distinct,,,,A1025:Cindermill Holdings(74.1),,,T6_unmatched,Chief Information Officer,cio,80000,High,Stalled,Path found,Owen Trask,True,2026-06-26,N,,N,,N,N,asked_awaiting_connector_response,1_outcome_event,"intro_outcomes row: connector asked, responded=N",medium,False,True,False,True,4,3,blocker_note; bump; possible_duplicate_query; unclassified,False,False,True,True,False,2026-06-26,,2026-06-27,44,30d+,True
R1016,Curtis Hartigan,"AE, Financial Services",2026-03-30,Nortonbury Logistics,nortonburylogistics,B_probable_name_exact,A1039,Nortonbury Logistics,,,,,T6_unmatched,Chief Operating Officer,coo,1200000,High,Intro sent,,,False,,,,,,,,declared_only:Intro sent,3_declared_status_only,intro_requests.status='Intro sent' with no corroborating event evidence,low,False,False,False,True,3,2,possible_duplicate_query; qualification_question; unclassified,False,False,False,True,False,2026-03-30,,2026-03-30,133,30d+,True
R1017,Nadia Okonkwo,"AE, Industrials",2025-11-06,Vireo Systems,vireosystems,E_unmatched,,,,,,Otto Ashdown-Fairweather,T5_fuzzy_candidate_review,Head of Developer Productivity,devprod,250000,Medium,Closed - no path,Unknown,,False,,,,,,,,declared_only:Closed - no path,3_declared_status_only,intro_requests.status='Closed - no path' with no corroborating event evidence,low,False,False,False,True,4,3,qualification_question; referral_suggestion; unclassified,False,True,False,False,False,2025-11-07,2025-11-07,2025-11-10,273,30d+,True
R1018,Yusuf Petrossian,SDR Lead,2026-05-31,Wrenfield Robotics,wrenfieldrobotics,B_probable_name_exact,A1036,WRENFIELDROBOTICS,,,,,T6_unmatched,Chief Technology Officer,cto,1200000,High,Open,Unknown,,False,,,,,,,,declared_only:Open,3_declared_status_only,intro_requests.status='Open' with no corroborating event evidence,low,False,False,False,True,2,1,possible_duplicate_query; unclassified,False,False,False,True,False,2026-06-03,,2026-06-03,68,30d+,True
R1019,Nadia Okonkwo,"AE, Industrials",2026-01-01,Northwind Freight,northwindfreight,B_probable_name_exact,A1003,Northwind Freight,,,,,T6_unmatched,Chief Data Officer,cdo_data,400000,High,Open,,,False,,,,,,,,declared_only:Open,3_declared_status_only,intro_requests.status='Open' with no corroborating event evidence,low,False,False,False,True,1,0,unclassified,False,False,False,False,False,,,2026-01-01,221,30d+,True
R1020,Bertrand Vandermolen,"AE, EMEA",2025-11-01,,,E_unmatched,,,,,,Rafael Kirkbride-Ibarra,T6_unmatched,Chief Information Officer,cio,750000,Low,Intro sent,Path found,Tomás Beckett,True,2025-11-05,Y,2025-11-06,Y,2025-11-15,N,N,intro_sent,1_outcome_event,intro_outcomes row: intro_sent=Y,high,True,True,True,True,1,0,unclassified,False,False,False,False,False,,,2025-11-15,268,30d+,False
R1021,Imani Mkhize,"Enterprise AE, West",2025-10-29,Larchmont Aerospace,larchmontaerospace,B_probable_name_exact,A1042,Larchmont Aerospace,,,,,T6_unmatched,VP Data & Analytics,cdo_data,1200000,Medium,Intro sent,,,False,,,,,,,,declared_only:Intro sent,3_declared_status_only,intro_requests.status='Intro sent' with no corroborating event evidence,low,False,False,False,True,3,2,blocker_note; possible_duplicate_query; unclassified,False,False,False,True,False,2025-10-29,,2025-11-02,281,30d+,True
R1022,Nadia Okonkwo,"AE, Industrials",2026-06-11,Blackwood Industrial,blackwoodindustrial,C_similar_but_distinct,,,,A1010:Blackwood Holdings(62.1),,,T6_unmatched,Director of Software Engineering,cto,1200000,High,Open,Unknown,Elena Duvall,True,2026-06-16,Y,2026-06-18,Y,2026-06-20,N,N,intro_sent,1_outcome_event,intro_outcomes row: intro_sent=Y,high,True,True,True,True,2,1,bump; possible_duplicate_query,False,False,True,True,False,2026-06-14,,2026-06-20,51,30d+,False
R1023,Bertrand Vandermolen,"AE, EMEA",2025-10-21,Thistledown Energy,thistledownenergy,B_probable_name_exact,A1046,Thistledown Energy,,,,,T6_unmatched,Chief Operating Officer,coo,400000,Low,Routed,,,False,,,,,,,,declared_only:Routed,3_declared_status_only,intro_requests.status='Routed' with no corroborating event evidence,low,False,False,False,True,1,0,bump,False,False,True,False,False,,,2025-10-21,293,30d+,True
R1024,Curtis Hartigan,"AE, Financial Services",2026-07-04,Apex Logistics,apexlogistics,B_probable_shared_domain_group,,,DG_apexlogistics.com,"A91001:Apex Logistics, Inc.; A1001:Apex Logistics",,,T6_unmatched,Director of Software Engineering,cto,2000000,High,Routed,Path found,,False,,,,,,,,declared_only:Routed,3_declared_status_only,intro_requests.status='Routed' with no corroborating event evidence,low,False,False,False,True,4,3,blocker_note; possible_duplicate_query; referral_suggestion; unclassified,False,True,False,True,False,2026-07-06,2026-07-08,2026-07-08,33,30d+,True
R1025,Sloane Fairweather,Strategic AE,2026-02-25,Glasspoint Health,glasspointhealth,B_probable_name_exact,A1017,Glasspoint Health,,,,Mei Mkhize-Prendergast,T6_unmatched,Chief Information Officer,cio,1200000,Medium,Open,Unknown,Elena Duvall,True,2026-02-28,Y,2026-03-07,N,,N,N,connector_responded_no_intro_recorded,1_outcome_event,"intro_outcomes row: responded=Y, intro_sent=N",medium,False,True,False,True,4,3,blocker_note; referral_suggestion; unclassified,False,True,False,False,False,2026-02-25,2026-02-25,2026-03-07,156,30d+,True
R1026,Imani Mkhize,"Enterprise AE, West",2025-12-12,Tessellate Payments,tessellatepayments,B_probable_name_exact,A1037,Tessellate Payments,,,,,T6_unmatched,Chief Data Officer,cdo_data,1200000,Low,Routed,,Owen Trask,True,2025-12-15,Y,2025-12-18,N,,N,N,connector_responded_no_intro_recorded,1_outcome_event,"intro_outcomes row: responded=Y, intro_sent=N",medium,False,True,False,True,3,2,blocker_note; possible_duplicate_query; unclassified,False,False,False,True,False,2025-12-12,,2025-12-18,235,30d+,True
R1027,Hana Nakashima,"AE, Healthcare",2026-07-05,Strathmore Rail,strathmorerail,C_similar_but_distinct,,,,A1026:Strathmore Holdings(80.0),,,T6_unmatched,Chief Technology Officer,cto,400000,High,Routed,Unknown,,False,,,,,,,,declared_only:Routed,3_declared_status_only,intro_requests.status='Routed' with no corroborating event evidence,low,False,False,False,True,4,3,blocker_note; bump; referral_suggestion,False,True,True,False,False,2026-07-06,2026-07-07,2026-07-09,32,30d+,True
R1028,Yusuf Petrossian,SDR Lead,2026-07-18,,,E_unmatched,,,,,,,T6_unmatched,Chief Digital Officer,cdo_digital,2000000,Critical,Open,Unknown,,False,,,,,,,,declared_only:Open,3_declared_status_only,intro_requests.status='Open' with no corroborating event evidence,low,False,False,False,True,1,0,unclassified,False,False,False,False,False,,,2026-07-18,23,14-29d,False
R1029,Rafael Salcedo,"AE, Transport & Logistics",2026-07-13,,,E_unmatched,,,,,,,T6_unmatched,VP Engineering,engineering_exec,150000,Medium,Stalled,Path found,Elena Duvall,True,2026-07-18,N,,N,,N,N,asked_awaiting_connector_response,1_outcome_event,"intro_outcomes row: connector asked, responded=N",medium,False,True,True,True,1,0,unclassified,False,False,False,False,False,,,2026-07-18,23,14-29d,False
R1030,Curtis Hartigan,"AE, Financial Services",2026-07-01,Larchmont Aerospace,larchmontaerospace,B_probable_name_exact,A1042,Larchmont Aerospace,,,,,T6_unmatched,Head of Platform Engineering,platform,80000,High,Open,No path found,,False,,,,,,,,declared_only:Open,3_declared_status_only,intro_requests.status='Open' with no corroborating event evidence,low,False,False,False,True,1,0,unclassified,False,False,False,False,False,,,2026-07-01,40,30d+,True
R1031,Imani Mkhize,"Enterprise AE, West",2025-11-26,Ironvale Steel,ironvalesteel,B_probable_name_exact,A1009,Ironvale Steel,,,,,T6_unmatched,Chief Data Officer,cdo_data,80000,High,Open,Path found,Priya Raghunathan,True,2025-11-30,N,,N,,N,N,asked_awaiting_connector_response,1_outcome_event,"intro_outcomes row: connector asked, responded=N",medium,False,True,False,True,4,3,possible_duplicate_query; qualification_question; routing_challenge; unclassified,False,False,False,True,False,2025-11-28,,2025-11-30,253,30d+,True
R1032,Hana Nakashima,"AE, Healthcare",2025-09-11,Duncastle Hotels,duncastlehotels,C_similar_but_distinct,,,,A1029:Duncastle Holdings(72.0),,,T6_unmatched,VP Enterprise Architecture,,80000,Critical,Closed - no path,Path found,Priya Raghunathan,True,2025-09-17,Y,2025-09-27,Y,2025-09-30,N,N,intro_sent,1_outcome_event,intro_outcomes row: intro_sent=Y,high,True,True,True,True,4,3,blocker_note; bump; routing_challenge; unclassified,False,False,True,False,False,2025-09-11,,2025-09-30,314,30d+,False
R1033,Curtis Hartigan,"AE, Financial Services",2026-06-02,Priorwood Chemicals,priorwoodchemicals,B_probable_name_exact,A1030,Priorwood Chemicals,,,,,T6_unmatched,Head of Developer Productivity,devprod,750000,High,Closed - no path,Path found,Tomás Beckett,True,2026-06-07,Y,2026-06-11,N,,N,N,connector_responded_no_intro_recorded,1_outcome_event,"intro_outcomes row: responded=Y, intro_sent=N",medium,False,True,False,True,2,1,referral_suggestion; unclassified,False,True,False,False,False,2026-06-06,2026-06-06,2026-06-11,60,30d+,True
R1034,Sloane Fairweather,Strategic AE,2025-10-13,Sundermere Bank,sundermerebank,B_probable_name_exact,A1014,Sundermere Bank,,,,,T6_unmatched,Chief Data Officer,cdo_data,400000,High,Open,No path found,,False,,,,,,,,volunteered_no_recorded_followup,2_explicit_slack_statement,someone offered to help in Slack; no outcome row and no recorded follow-up,medium,False,False,False,True,4,3,possible_duplicate_query; referral_suggestion; unclassified; volunteer_offer,True,True,False,True,False,2025-10-13,2025-10-13,2025-10-17,297,30d+,True
R1035,Rafael Salcedo,"AE, Transport & Logistics",2025-12-23,Marrow Point Airways,marrowpointairways,E_unmatched,,,,,,,T6_unmatched,VP Engineering,engineering_exec,400000,High,Closed - no path,,,False,,,,,,,,declared_only:Closed - no path,3_declared_status_only,intro_requests.status='Closed - no path' with no corroborating event evidence,low,False,False,False,True,1,0,unclassified,False,False,False,False,False,,,2025-12-23,230,30d+,True
R1036,Curtis Hartigan,"AE, Financial Services",2026-05-19,Sablefield Motors,sablefieldmotors,B_probable_name_exact,A1005,Sablefield Motors,,,,,T6_unmatched,Chief Data Officer,cdo_data,150000,Critical,Open,,,False,,,,,,,,declared_only:Open,3_declared_status_only,intro_requests.status='Open' with no corroborating event evidence,low,False,False,False,True,2,1,bump,False,False,True,False,False,2026-05-21,,2026-05-21,81,30d+,True
R1037,Hana Nakashima,"AE, Healthcare",2025-11-26,Thistledown Energy,thistledownenergy,B_probable_name_exact,A1046,Thistledown Energy,,,,,T6_unmatched,Head of Platform Engineering,platform,1200000,Low,Open,,,False,,,,,,,,declared_only:Open,3_declared_status_only,intro_requests.status='Open' with no corroborating event evidence,low,False,False,False,True,1,0,unclassified,False,False,False,False,False,,,2025-11-26,257,30d+,True
R1038,Nadia Okonkwo,"AE, Industrials",2026-05-18,,,E_unmatched,,,,,,,T6_unmatched,Chief Operating Officer,coo,250000,High,Intro sent,Unknown,Elena Duvall,True,2026-05-22,Y,2026-06-02,Y,2026-06-10,Y,N,meeting_booked,1_outcome_event,intro_outcomes row: meeting_booked=Y,high,True,True,True,True,3,2,no_knowledge; possible_duplicate_query; unclassified,False,False,False,True,False,2026-05-18,,2026-06-10,61,30d+,False
R1039,Nadia Okonkwo,"AE, Industrials",2026-01-29,Ravensmoor Defense,ravensmoordefense,B_probable_name_exact,A1031,Ravensmoor Defense,,,,,T6_unmatched,Head of Developer Productivity,devprod,2000000,High,Stalled,No path found,,False,,,,,,,,declared_only:Stalled,3_declared_status_only,intro_requests.status='Stalled' with no corroborating event evidence,low,False,False,False,True,4,3,bump; no_knowledge; possible_duplicate_query,False,False,True,True,False,2026-01-31,,2026-02-01,190,30d+,True
R1040,Sloane Fairweather,Strategic AE,2026-06-29,Ironvale Steel,ironvalesteel,B_probable_name_exact,A1009,Ironvale Steel,,,,,T6_unmatched,Chief Technology Officer,cto,80000,High,Intro sent,Unknown,,False,,,,,,,,declared_only:Intro sent,3_declared_status_only,intro_requests.status='Intro sent' with no corroborating event evidence,low,False,False,False,True,4,3,no_knowledge; referral_suggestion; routing_challenge; unclassified,False,True,False,False,False,2026-06-29,2026-06-30,2026-07-01,40,30d+,True
R1041,Hana Nakashima,"AE, Healthcare",2025-12-02,Apex Logistics,apexlogistics,B_probable_shared_domain_group,,,DG_apexlogistics.com,"A91001:Apex Logistics, Inc.; A1001:Apex Logistics",,,T6_unmatched,SVP Digital,cdo_digital,750000,Medium,Open,Path found,,False,,,,,,,,declared_only:Open,3_declared_status_only,intro_requests.status='Open' with no corroborating event evidence,low,False,False,False,True,3,2,bump; possible_duplicate_query; unclassified,False,False,True,True,False,2025-12-03,,2025-12-05,248,30d+,True
R1042,Imani Mkhize,"Enterprise AE, West",2026-06-01,,,E_unmatched,,,,,,,T6_unmatched,Chief Technology Officer,cto,80000,High,Stalled,Unknown,Elena Duvall,True,2026-06-05,Y,2026-06-15,Y,2026-06-17,Y,N,meeting_booked,1_outcome_event,intro_outcomes row: meeting_booked=Y,high,True,True,True,True,4,3,blocker_note; possible_duplicate_query; qualification_question; unclassified,False,False,False,True,False,2026-06-02,,2026-06-17,54,30d+,False
R1043,Yusuf Petrossian,SDR Lead,2026-03-19,Copperline Water,copperlinewater,E_unmatched,,,,,,,T6_unmatched,Chief Technology Officer,cto,150000,High,Intro sent,No path found,,False,,,,,,,,declared_only:Intro sent,3_declared_status_only,intro_requests.status='Intro sent' with no corroborating event evidence,low,False,False,False,True,3,2,no_knowledge; possible_duplicate_query; unclassified,False,False,False,True,False,2026-03-20,,2026-03-23,140,30d+,True
R1044,Imani Mkhize,"Enterprise AE, West",2026-05-03,Meridian Peak,meridianpeak,C_similar_but_distinct,,,,A1034:Meridian Holdings(76.2),,,T6_unmatched,Chief Data Officer,cdo_data,750000,High,Open,Unknown,Priya Raghunathan,True,2026-05-07,Y,2026-05-13,Y,2026-05-23,N,N,intro_sent,1_outcome_event,intro_outcomes row: intro_sent=Y,high,True,True,True,True,3,2,qualification_question; routing_challenge; unclassified,False,False,False,False,False,2026-05-07,,2026-05-23,79,30d+,False
R1045,Yusuf Petrossian,SDR Lead,2025-09-06,Marlowe Freight Systems,marlowefreightsystems,B_probable_name_exact,A1047,Marlowe Freight Systems,,,,Imani Kettleborough-Ibarra,T6_unmatched,VP Enterprise Architecture,,750000,High,Closed - no path,,Marcus Aldridge,True,2025-09-08,Y,2025-09-13,Y,2025-09-27,N,N,intro_sent,1_outcome_event,intro_outcomes row: intro_sent=Y,high,True,True,True,True,1,0,unclassified,False,False,False,False,False,,,2025-09-27,317,30d+,False
R1046,Curtis Hartigan,"AE, Financial Services",2026-06-08,,,E_unmatched,,,,,,Freya Thackeray-Underhill,T6_unmatched,Head of Developer Productivity,devprod,80000,Medium,Open,Unknown,Priya Raghunathan,True,2026-06-09,Y,2026-06-18,N,,N,N,connector_responded_no_intro_recorded,1_outcome_event,"intro_outcomes row: responded=Y, intro_sent=N",medium,False,True,False,True,1,0,unclassified,False,False,False,False,False,,,2026-06-18,53,30d+,True
R1047,Rafael Salcedo,"AE, Transport & Logistics",2025-08-17,,,E_unmatched,,,,,,,T6_unmatched,Director of Software Engineering,cto,250000,High,Stalled,,,False,,,,,,,,declared_only:Stalled,3_declared_status_only,intro_requests.status='Stalled' with no corroborating event evidence,low,False,False,False,True,3,2,blocker_note; bump; unclassified,False,False,True,False,False,2025-08-21,,2025-08-21,354,30d+,True
R1048,Bertrand Vandermolen,"AE, EMEA",2026-04-14,Bexley Bioworks,bexleybioworks,B_probable_name_exact,A1045,Bexley Bioworks,,,,,T6_unmatched,Chief Data Officer,cdo_data,750000,High,Stalled,Path found,,False,,,,,,,,declared_only:Stalled,3_declared_status_only,intro_requests.status='Stalled' with no corroborating event evidence,low,False,False,False,True,3,2,blocker_note; referral_suggestion; unclassified,False,True,False,False,False,2026-04-15,2026-04-18,2026-04-18,114,30d+,True
R1049,Nadia Okonkwo,"AE, Industrials",2025-10-07,Ravensmoor Defense,ravensmoordefense,B_probable_name_exact,A1031,Ravensmoor Defense,,,,,T6_unmatched,Chief Digital Officer,cdo_digital,750000,Critical,Open,,,False,,,,,,,,declared_only:Open,3_declared_status_only,intro_requests.status='Open' with no corroborating event evidence,low,False,False,False,True,4,3,no_knowledge; referral_suggestion; routing_challenge; unclassified,False,True,False,False,False,2025-10-07,2025-10-09,2025-10-11,303,30d+,True
R1050,Curtis Hartigan,"AE, Financial Services",2025-09-05,Pemberton Retail,pembertonretail,B_probable_name_exact,A1023,Pemberton Retail,,,,,T6_unmatched,Head of Developer Productivity,devprod,400000,Medium,Open,Unknown,,False,,,,,,,,declared_only:Open,3_declared_status_only,intro_requests.status='Open' with no corroborating event evidence,low,False,False,False,True,1,0,unclassified,False,False,False,False,False,,,2025-09-05,339,30d+,True
R1051,Hana Nakashima,"AE, Healthcare",2026-04-17,,,E_unmatched,,,,,,Solveig Dobrescu-Mkhize,T6_unmatched,VP Engineering,engineering_exec,2000000,High,Open,,Tomás Beckett,True,2026-04-19,N,,N,,N,N,asked_awaiting_connector_response,1_outcome_event,"intro_outcomes row: connector asked, responded=N",medium,False,True,False,True,3,2,blocker_note; possible_duplicate_query; unclassified,False,False,False,True,False,2026-04-19,,2026-04-21,111,30d+,True
R1052,Yusuf Petrossian,SDR Lead,2025-08-19,Priorwood Chemicals,priorwoodchemicals,B_probable_name_exact,A1030,Priorwood Chemicals,,,,,T6_unmatched,Head of Platform Engineering,platform,80000,Low,Open,Path found,Tomás Beckett,True,2025-08-20,N,,N,,N,N,asked_awaiting_connector_response,1_outcome_event,"intro_outcomes row: connector asked, responded=N",medium,False,True,False,True,2,1,bump,False,False,True,False,False,2025-08-21,,2025-08-21,354,30d+,True
R1053,Rafael Salcedo,"AE, Transport & Logistics",2026-06-16,Strathmore Rail,strathmorerail,C_similar_but_distinct,,,,A1026:Strathmore Holdings(80.0),,,T6_unmatched,VP Data & Analytics,cdo_data,400000,Medium,Stalled,Unknown,Marcus Aldridge,True,2026-06-22,N,,N,,N,N,asked_awaiting_connector_response,1_outcome_event,"intro_outcomes row: connector asked, responded=N",medium,False,True,False,True,1,0,bump,False,False,True,False,False,,,2026-06-22,49,30d+,True
R1054,Nadia Okonkwo,"AE, Industrials",2026-01-10,Kestrel Airlines,kestrelairlines,B_probable_name_exact,A1012,Kestrel Airlines,,,,,T6_unmatched,Chief Operating Officer,coo,1200000,Low,Routed,Unknown,,False,,,,,,,,declared_only:Routed,3_declared_status_only,intro_requests.status='Routed' with no corroborating event evidence,low,False,False,False,True,3,2,qualification_question; unclassified,False,False,False,False,False,2026-01-10,,2026-01-13,209,30d+,True
R1055,Rafael Salcedo,"AE, Transport & Logistics",2026-07-08,,,E_unmatched,,,,,vireosystems.com; vireosystems.com,Noor Isenberg-Havercamp,T6_unmatched,Chief Digital Officer,cdo_digital,1200000,Critical,Open,Unknown,,False,,,,,,,,declared_only:Open,3_declared_status_only,intro_requests.status='Open' with no corroborating event evidence,low,False,False,False,True,2,1,referral_suggestion; unclassified,False,True,False,False,False,2026-07-12,2026-07-12,2026-07-12,29,14-29d,False
R1056,Sloane Fairweather,Strategic AE,2025-08-25,,,E_unmatched,,,,,,Elena Bellinger-Havercamp,T6_unmatched,VP Engineering,engineering_exec,1200000,High,Open,Unknown,,False,,,,,,,,declared_only:Open,3_declared_status_only,intro_requests.status='Open' with no corroborating event evidence,low,False,False,False,True,3,2,blocker_note; possible_duplicate_query; unclassified,False,False,False,True,False,2025-08-25,,2025-08-27,348,30d+,True
R1057,Curtis Hartigan,"AE, Financial Services",2026-06-16,Harrowgate Health,harrowgatehealth,B_probable_name_exact,A1050,Harrowgate Health,,,,,T6_unmatched,Chief Information Officer,cio,250000,High,Stalled,Unknown,Tomás Beckett,True,2026-06-21,Y,2026-07-03,N,,N,N,connector_responded_no_intro_recorded,1_outcome_event,"intro_outcomes row: responded=Y, intro_sent=N",medium,False,True,False,True,4,3,bump; qualification_question; routing_challenge; unclassified,False,False,True,False,False,2026-06-16,,2026-07-03,38,30d+,True
R1058,Curtis Hartigan,"AE, Financial Services",2026-01-01,Gravenhurst Motors,gravenhurstmotors,B_probable_name_exact,A1041,Gravenhurst Motors,,,,Imani Salcedo-Prendergast,T6_unmatched,Chief Data Officer,cdo_data,80000,Medium,Open,Path found,Priya Raghunathan,True,2026-01-02,N,,N,,N,N,asked_awaiting_connector_response,1_outcome_event,"intro_outcomes row: connector asked, responded=N",medium,False,True,False,True,3,2,qualification_question; referral_suggestion; unclassified,False,True,False,False,False,2026-01-02,2026-01-03,2026-01-03,219,30d+,True
R1059,Bertrand Vandermolen,"AE, EMEA",2025-09-06,,,E_unmatched,,,,,,,T6_unmatched,VP Data & Analytics,cdo_data,250000,High,Open,,,False,,,,,,,,declared_only:Open,3_declared_status_only,intro_requests.status='Open' with no corroborating event evidence,low,False,False,False,True,2,1,possible_duplicate_query; unclassified,False,False,False,True,False,2025-09-07,,2025-09-07,337,30d+,True
R1060,Nadia Okonkwo,"AE, Industrials",2025-08-15,Vireo Systems,vireosystems,E_unmatched,,,,,,,T6_unmatched,VP Enterprise Architecture,,80000,Medium,Open,,Elena Duvall,True,2025-08-19,N,,N,,N,N,asked_awaiting_connector_response,1_outcome_event,"intro_outcomes row: connector asked, responded=N",medium,False,True,False,True,1,0,unclassified,False,False,False,False,False,,,2025-08-19,356,30d+,True
R1061,Bertrand Vandermolen,"AE, EMEA",2026-02-21,Pemberton Retail,pembertonretail,B_probable_name_exact,A1023,Pemberton Retail,,,,Astrid Kirkbride-Norrington,T6_unmatched,Head of Developer Productivity,devprod,1200000,Medium,Stalled,No path found,,False,,,,,,,,declared_only:Stalled,3_declared_status_only,intro_requests.status='Stalled' with no corroborating event evidence,low,False,False,False,True,3,2,referral_suggestion; unclassified,False,True,False,False,False,2026-02-21,2026-02-21,2026-02-22,169,30d+,True
R1062,Bertrand Vandermolen,"AE, EMEA",2026-05-09,Larkhall Software,larkhallsoftware,B_probable_name_exact,A1022,Larkhall Software,,,,,T6_unmatched,Head of Developer Productivity,devprod,400000,Critical,Intro sent,No path found,,False,,,,,,,,declared_only:Intro sent,3_declared_status_only,intro_requests.status='Intro sent' with no corroborating event evidence,low,False,False,False,True,3,2,no_knowledge; referral_suggestion; unclassified,False,True,False,False,False,2026-05-09,2026-05-13,2026-05-13,89,30d+,True
R1063,Sloane Fairweather,Strategic AE,2025-11-06,Silverbrook Paper,silverbrookpaper,B_probable_shared_domain_group,,,DG_silverbrookpaper.com,A91032:Silverbrook Paper Corp; A1032:Silverbrook Paper,,,T6_unmatched,Chief Operating Officer,coo,80000,High,Routed,Path found,,False,,,,,,,,declared_only:Routed,3_declared_status_only,intro_requests.status='Routed' with no corroborating event evidence,low,False,False,False,True,4,3,blocker_note; bump; possible_duplicate_query; unclassified,False,False,True,True,False,2025-11-07,,2025-11-10,273,30d+,True
R1064,Yusuf Petrossian,SDR Lead,2025-08-14,Thistledown Energy,thistledownenergy,B_probable_name_exact,A1046,Thistledown Energy,,,,Margot Rushworth-Fontaine,T6_unmatched,Chief Data Officer,cdo_data,1200000,Low,Routed,Unknown,,False,,,,,,,,declared_only:Routed,3_declared_status_only,intro_requests.status='Routed' with no corroborating event evidence,low,False,False,False,True,3,2,possible_duplicate_query; routing_challenge; unclassified,False,False,False,True,False,2025-08-15,,2025-08-15,360,30d+,True
R1065,Bertrand Vandermolen,"AE, EMEA",2026-04-08,,,E_unmatched,,,,,,,T6_unmatched,Director of Software Engineering,cto,80000,High,Stalled,,,False,,,,,,,,declared_only:Stalled,3_declared_status_only,intro_requests.status='Stalled' with no corroborating event evidence,low,False,False,False,True,2,1,no_knowledge; unclassified,False,False,False,False,False,2026-04-11,,2026-04-11,121,30d+,True
R1066,Curtis Hartigan,"AE, Financial Services",2026-06-25,Kingsmere Retail Group,kingsmereretail,E_unmatched,,,,,,,T6_unmatched,Chief Digital Officer,cdo_digital,750000,Medium,Open,No path found,Yusuf Petrossian,True,2026-07-01,Y,2026-07-06,N,,N,N,connector_responded_no_intro_recorded,1_outcome_event,"intro_outcomes row: responded=Y, intro_sent=N",medium,False,True,False,True,2,1,unclassified; volunteer_offer,True,False,False,False,False,2026-06-27,2026-06-27,2026-07-06,35,30d+,True
R1067,Curtis Hartigan,"AE, Financial Services",2025-10-22,Redtree Foods,redtreefoods,E_unmatched,,,,,,,T6_unmatched,Head of Platform Engineering,platform,1200000,Medium,Open,,,False,,,,,,,,declared_only:Open,3_declared_status_only,intro_requests.status='Open' with no corroborating event evidence,low,False,False,False,True,1,0,unclassified,False,False,False,False,False,,,2025-10-22,292,30d+,True
R1068,Rafael Salcedo,"AE, Transport & Logistics",2026-02-14,Calderon Aerospace,calderonaerospace,E_unmatched,,,,,,,T6_unmatched,Chief Digital Officer,cdo_digital,150000,Medium,Closed - no path,Unknown,Priya Raghunathan,True,2026-02-15,N,,N,,N,N,asked_awaiting_connector_response,1_outcome_event,"intro_outcomes row: connector asked, responded=N",medium,False,True,False,True,1,0,unclassified,False,False,False,False,False,,,2026-02-15,176,30d+,True
R1069,Sloane Fairweather,Strategic AE,2025-10-30,Apex Logistics Group,apexlogistics,B_probable_shared_domain_group,,,DG_apexlogistics.com,"A91001:Apex Logistics, Inc.; A1001:Apex Logistics",,Espen Wolstenholme-Vandermolen,T6_unmatched,SVP Digital,cdo_digital,1200000,Medium,Closed - no path,,Marcus Aldridge,True,2025-11-01,N,,N,,N,N,asked_awaiting_connector_response,1_outcome_event,"intro_outcomes row: connector asked, responded=N",medium,False,True,False,True,1,0,unclassified,False,False,False,False,False,,,2025-11-01,282,30d+,True
R1070,Imani Mkhize,"Enterprise AE, West",2026-05-07,,,E_unmatched,,,,,,,T6_unmatched,SVP Digital,cdo_digital,400000,High,Open,,,False,,,,,,,,declared_only:Open,3_declared_status_only,intro_requests.status='Open' with no corroborating event evidence,low,False,False,False,True,3,2,qualification_question; unclassified,False,False,False,False,False,2026-05-09,,2026-05-10,92,30d+,True
R1071,Curtis Hartigan,"AE, Financial Services",2026-01-29,,,E_unmatched,,,,,,,T6_unmatched,Chief Digital Officer,cdo_digital,400000,Critical,Closed - no path,,,False,,,,,,,,declared_only:Closed - no path,3_declared_status_only,intro_requests.status='Closed - no path' with no corroborating event evidence,low,False,False,False,True,1,0,unclassified,False,False,False,False,False,,,2026-01-29,193,30d+,True
R1072,Sloane Fairweather,Strategic AE,2025-10-31,Harrowgate Health,harrowgatehealth,B_probable_name_exact,A1050,Harrowgate Health,,,,,T6_unmatched,SVP Digital,cdo_digital,750000,Low,Open,Path found,Tomás Beckett,True,2025-11-03,N,,N,,N,N,asked_awaiting_connector_response,1_outcome_event,"intro_outcomes row: connector asked, responded=N",medium,False,True,False,True,3,2,no_knowledge; referral_suggestion; unclassified,False,True,False,False,False,2025-11-02,2025-11-02,2025-11-04,279,30d+,True
R1073,Nadia Okonkwo,"AE, Industrials",2025-12-20,Volney Industrial Systems,volneyindustrialsystems,B_probable_name_exact,A1049,Volney Industrial Systems,,,,,T6_unmatched,Chief Information Officer,cio,80000,Low,Closed - no path,,,False,,,,,,,,declared_only:Closed - no path,3_declared_status_only,intro_requests.status='Closed - no path' with no corroborating event evidence,low,False,False,False,True,3,2,qualification_question; referral_suggestion; unclassified,False,True,False,False,False,2025-12-23,2025-12-24,2025-12-24,229,30d+,True
R1074,Bertrand Vandermolen,"AE, EMEA",2026-06-03,Redtree Foods,redtreefoods,E_unmatched,,,,,,,T6_unmatched,VP Data & Analytics,cdo_data,750000,High,Stalled,,,False,,,,,,,,declared_only:Stalled,3_declared_status_only,intro_requests.status='Stalled' with no corroborating event evidence,low,False,False,False,True,3,2,possible_duplicate_query; unclassified,False,False,False,True,False,2026-06-05,,2026-06-07,64,30d+,True
R1075,Hana Nakashima,"AE, Healthcare",2026-02-25,Vireo Systems,vireosystems,E_unmatched,,,,,,,T6_unmatched,VP Engineering,engineering_exec,750000,Medium,Stalled,,,False,,,,,,,,declared_only:Stalled,3_declared_status_only,intro_requests.status='Stalled' with no corroborating event evidence,low,False,False,False,True,3,2,blocker_note; possible_duplicate_query; unclassified,False,False,False,True,False,2026-02-26,,2026-02-27,164,30d+,True
R1076,Imani Mkhize,"Enterprise AE, West",2026-01-27,,,E_unmatched,,,,,,,T6_unmatched,Chief Digital Officer,cdo_digital,250000,Critical,Open,Path found,Tomás Beckett,True,2026-01-27,Y,2026-01-29,Y,2026-02-07,N,N,intro_sent,1_outcome_event,intro_outcomes row: intro_sent=Y,high,True,True,True,True,3,2,entity_warning; no_knowledge; possible_duplicate_query,False,False,False,True,False,2026-01-28,,2026-02-07,184,30d+,False
R1077,Rafael Salcedo,"AE, Transport & Logistics",2026-02-26,Nortonbury Logistics,nortonburylogistics,B_probable_name_exact,A1039,Nortonbury Logistics,,,,,T6_unmatched,Head of Developer Productivity,devprod,750000,Low,Open,Path found,Marcus Aldridge,True,2026-03-04,N,,N,,N,N,asked_awaiting_connector_response,1_outcome_event,"intro_outcomes row: connector asked, responded=N",medium,False,True,False,True,1,0,unclassified,False,False,False,False,False,,,2026-03-04,159,30d+,True
R1078,Hana Nakashima,"AE, Healthcare",2025-11-11,Cobalt Lane Capital Markets,cobaltlanecapitalmarkets,B_probable_name_exact,A1038,Cobalt Lane Capital Markets,,,,,T6_unmatched,VP Engineering,engineering_exec,2000000,Medium,Intro sent,Path found,Tomás Beckett,True,2025-11-16,Y,2025-11-18,Y,2025-11-26,Y,N,meeting_booked,1_outcome_event,intro_outcomes row: meeting_booked=Y,high,True,True,True,True,2,1,bump; possible_duplicate_query,False,False,True,True,False,2025-11-12,,2025-11-26,257,30d+,False
R1079,Curtis Hartigan,"AE, Financial Services",2026-06-23,Cobalt Lane,cobaltlane,C_similar_but_distinct,,,,A1038:Cobalt Lane Capital Markets(57.9),,,T6_unmatched,Chief Operating Officer,coo,150000,Medium,Closed - no path,Path found,,False,,,,,,,,declared_only:Closed - no path,3_declared_status_only,intro_requests.status='Closed - no path' with no corroborating event evidence,low,False,False,False,True,3,2,blocker_note; entity_warning; unclassified,False,False,False,False,False,2026-06-24,,2026-06-24,47,30d+,True
R1080,Hana Nakashima,"AE, Healthcare",2026-01-14,Volney Industrial Systems,volneyindustrialsystems,B_probable_name_exact,A1049,Volney Industrial Systems,,,,,T6_unmatched,VP Engineering,engineering_exec,750000,High,Open,Unknown,,False,,,,,,,,declared_only:Open,3_declared_status_only,intro_requests.status='Open' with no corroborating event evidence,low,False,False,False,True,4,3,referral_suggestion; routing_challenge; unclassified,False,True,False,False,False,2026-01-14,2026-01-14,2026-01-16,206,30d+,True
R1081,Curtis Hartigan,"AE, Financial Services",2025-09-30,Sablefield Motors,sablefieldmotors,B_probable_name_exact,A1005,Sablefield Motors,,,,,T6_unmatched,SVP Digital,cdo_digital,80000,Low,Open,No path found,,False,,,,,,,,declared_only:Open,3_declared_status_only,intro_requests.status='Open' with no corroborating event evidence,low,False,False,False,True,3,2,bump; no_knowledge; unclassified,False,False,True,False,False,2025-10-03,,2025-10-04,310,30d+,True
R1082,Sloane Fairweather,Strategic AE,2025-08-02,,,E_unmatched,,,,,,,T6_unmatched,Chief Information Officer,cio,400000,Medium,Stalled,Path found,Priya Raghunathan,True,2025-08-05,Y,2025-08-17,N,,N,N,connector_responded_no_intro_recorded,1_outcome_event,"intro_outcomes row: responded=Y, intro_sent=N",medium,False,True,False,True,4,3,bump; possible_duplicate_query; unclassified,False,False,True,True,False,2025-08-02,,2025-08-17,358,30d+,True
R1083,Nadia Okonkwo,"AE, Industrials",2026-06-04,,,E_unmatched,,,,,thistledownenergy.com; thistledownenergy.com,Perrine Hartigan-Thackeray,T6_unmatched,VP Engineering,engineering_exec,750000,Critical,Open,Unknown,,False,,,,,,,,declared_only:Open,3_declared_status_only,intro_requests.status='Open' with no corroborating event evidence,low,False,False,False,True,1,0,unclassified,False,False,False,False,False,,,2026-06-04,67,30d+,True
R1084,Bertrand Vandermolen,"AE, EMEA",2026-07-13,Hollowbrook Grocers,hollowbrookgrocers,B_probable_shared_domain_group,,,DG_hollowbrook.com,A1024:Hollowbrook Grocers; A91024:Hollowbrook Grocers Inc.,,,T6_unmatched,VP Engineering,engineering_exec,2000000,Critical,Open,Path found,,False,,,,,,,,declared_only:Open,3_declared_status_only,intro_requests.status='Open' with no corroborating event evidence,low,False,False,False,True,4,3,no_knowledge; possible_duplicate_query; referral_suggestion; unclassified,False,True,False,True,False,2026-07-13,2026-07-13,2026-07-17,24,14-29d,False
R1085,Yusuf Petrossian,SDR Lead,2026-04-27,,,E_unmatched,,,,,,Matteo Petrossian-Lomsadze,T6_unmatched,Director of Software Engineering,cto,80000,Medium,Open,Path found,Tomás Beckett,True,2026-04-30,N,,N,,N,N,asked_awaiting_connector_response,1_outcome_event,"intro_outcomes row: connector asked, responded=N",medium,False,True,False,True,2,1,possible_duplicate_query; unclassified,False,False,False,True,False,2026-05-01,,2026-05-01,101,30d+,True
R1086,Sloane Fairweather,Strategic AE,2026-02-17,Ironvale Steel,ironvalesteel,B_probable_name_exact,A1009,Ironvale Steel,,,,,T6_unmatched,VP Enterprise Architecture,,150000,Critical,Open,,Priya Raghunathan,True,2026-02-20,N,,N,,N,N,asked_awaiting_connector_response,1_outcome_event,"intro_outcomes row: connector asked, responded=N",medium,False,True,False,True,4,3,no_knowledge; possible_duplicate_query; referral_suggestion; unclassified,False,True,False,True,False,2026-02-17,2026-02-18,2026-02-20,171,30d+,True
R1087,Curtis Hartigan,"AE, Financial Services",2026-02-10,Silverbrook,silverbrook,D_ambiguous,,,,A91032:Silverbrook Paper Corp(78.6); A1032:Silverbrook Paper(78.6),,,T6_unmatched,VP Data & Analytics,cdo_data,400000,Critical,Routed,,,False,,,,,,,,declared_only:Routed,3_declared_status_only,intro_requests.status='Routed' with no corroborating event evidence,low,False,False,False,True,4,3,blocker_note; possible_duplicate_query; qualification_question; unclassified,False,False,False,True,False,2026-02-11,,2026-02-14,177,30d+,True
R1088,Curtis Hartigan,"AE, Financial Services",2026-04-09,Thornbury,thornbury,E_unmatched,,,,,,,T6_unmatched,Chief Technology Officer,cto,400000,Critical,Closed - no path,Unknown,,False,,,,,,,,declared_only:Closed - no path,3_declared_status_only,intro_requests.status='Closed - no path' with no corroborating event evidence,low,False,False,False,True,3,2,entity_warning; no_knowledge; unclassified,False,False,False,False,False,2026-04-10,,2026-04-11,121,30d+,True
R1089,Hana Nakashima,"AE, Healthcare",2026-02-18,Ironvale Steel,ironvalesteel,B_probable_name_exact,A1009,Ironvale Steel,,,,Saoirse Halloran-Crowther,T6_unmatched,VP Enterprise Architecture,,400000,High,Closed - no path,Path found,,False,,,,,,,,declared_only:Closed - no path,3_declared_status_only,intro_requests.status='Closed - no path' with no corroborating event evidence,low,False,False,False,True,2,1,qualification_question; unclassified,False,False,False,False,False,2026-02-22,,2026-02-22,169,30d+,True
R1090,Hana Nakashima,"AE, Healthcare",2025-12-17,Harrowgate Health,harrowgatehealth,B_probable_name_exact,A1050,Harrowgate Health,,,,,T6_unmatched,VP Engineering,engineering_exec,400000,Medium,Closed - no path,,Tomás Beckett,True,2025-12-20,N,,N,,N,N,asked_awaiting_connector_response,1_outcome_event,"intro_outcomes row: connector asked, responded=N",medium,False,True,False,True,3,2,no_knowledge; possible_duplicate_query; unclassified,False,False,False,True,False,2025-12-18,,2025-12-20,233,30d+,True
R1091,Yusuf Petrossian,SDR Lead,2026-04-14,Blackwood Industrial,blackwoodindustrial,C_similar_but_distinct,,,,A1010:Blackwood Holdings(62.1),,,T6_unmatched,Chief Digital Officer,cdo_digital,150000,High,Stalled,Unknown,Elena Duvall,True,2026-04-17,Y,2026-04-24,Y,2026-05-02,N,N,intro_sent,1_outcome_event,intro_outcomes row: intro_sent=Y,high,True,True,True,True,4,3,blocker_note; possible_duplicate_query; unclassified,False,False,False,True,False,2026-04-16,,2026-05-02,100,30d+,False
R1092,Sloane Fairweather,Strategic AE,2026-03-28,Priorwood Chemicals,priorwoodchemicals,B_probable_name_exact,A1030,Priorwood Chemicals,,,,,T6_unmatched,VP Enterprise Architecture,,750000,Critical,Stalled,,,False,,,,,,,,declared_only:Stalled,3_declared_status_only,intro_requests.status='Stalled' with no corroborating event evidence,low,False,False,False,True,1,0,unclassified,False,False,False,False,False,,,2026-03-28,135,30d+,True
R1093,Curtis Hartigan,"AE, Financial Services",2025-12-16,Strathmore Rail,strathmorerail,C_similar_but_distinct,,,,A1026:Strathmore Holdings(80.0),,,T6_unmatched,Head of Platform Engineering,platform,1200000,Critical,Closed - no path,,Marcus Aldridge,True,2025-12-16,N,,N,,N,N,asked_awaiting_connector_response,1_outcome_event,"intro_outcomes row: connector asked, responded=N",medium,False,True,False,True,4,3,possible_duplicate_query; referral_suggestion; routing_challenge; unclassified,False,True,False,True,False,2025-12-17,2025-12-18,2025-12-19,234,30d+,True
R1094,Hana Nakashima,"AE, Healthcare",2026-06-23,Strathmore Rail,strathmorerail,C_similar_but_distinct,,,,A1026:Strathmore Holdings(80.0),,,T6_unmatched,VP Data & Analytics,cdo_data,750000,High,Open,Path found,Marcus Aldridge,True,2026-06-23,N,,N,,N,N,asked_awaiting_connector_response,1_outcome_event,"intro_outcomes row: connector asked, responded=N",medium,False,True,False,True,1,0,unclassified,False,False,False,False,False,,,2026-06-23,48,30d+,True
R1095,Rafael Salcedo,"AE, Transport & Logistics",2025-12-24,,,E_unmatched,,,,,,Yusuf Sandoval-Drummond,T6_unmatched,Chief Digital Officer,cdo_digital,750000,Critical,Open,Path found,Marcus Aldridge,True,2025-12-30,N,,N,,N,N,asked_awaiting_connector_response,1_outcome_event,"intro_outcomes row: connector asked, responded=N",medium,False,True,False,True,1,0,unclassified,False,False,False,False,False,,,2025-12-30,223,30d+,True
R1096,Sloane Fairweather,Strategic AE,2026-03-25,Silverbrook,silverbrook,D_ambiguous,,,,A91032:Silverbrook Paper Corp(78.6); A1032:Silverbrook Paper(78.6),,,T6_unmatched,Head of Developer Productivity,devprod,750000,High,Open,,,False,,,,,,,,declared_only:Open,3_declared_status_only,intro_requests.status='Open' with no corroborating event evidence,low,False,False,False,True,4,3,blocker_note; possible_duplicate_query; routing_challenge; unclassified,False,False,False,True,False,2026-03-25,,2026-03-28,135,30d+,True
R1097,Nadia Okonkwo,"AE, Industrials",2025-12-04,Pemberton Retail,pembertonretail,B_probable_name_exact,A1023,Pemberton Retail,,,,,T6_unmatched,VP Data & Analytics,cdo_data,400000,Low,Intro sent,,,False,,,,,,,,declared_only:Intro sent,3_declared_status_only,intro_requests.status='Intro sent' with no corroborating event evidence,low,False,False,False,True,4,3,blocker_note; bump; no_knowledge; unclassified,False,False,True,False,False,2025-12-05,,2025-12-08,245,30d+,True
R1098,Curtis Hartigan,"AE, Financial Services",2026-03-20,Priorwood Chemicals,priorwoodchemicals,B_probable_name_exact,A1030,Priorwood Chemicals,,,,,T6_unmatched,Chief Data Officer,cdo_data,150000,Medium,Open,Unknown,Tomás Beckett,True,2026-03-26,Y,2026-03-28,N,,N,N,connector_responded_no_intro_recorded,1_outcome_event,"intro_outcomes row: responded=Y, intro_sent=N",medium,False,True,False,True,4,3,referral_suggestion; routing_challenge; unclassified,False,True,False,False,False,2026-03-20,2026-03-20,2026-03-28,135,30d+,True
R1099,Nadia Okonkwo,"AE, Industrials",2026-01-09,Aldergate Telecom,aldergatetelecom,B_probable_name_exact,A1027,Aldergate Telecom,,,,,T6_unmatched,VP Enterprise Architecture,,400000,Critical,Open,,,False,,,,,,,,declared_only:Open,3_declared_status_only,intro_requests.status='Open' with no corroborating event evidence,low,False,False,False,True,2,1,no_knowledge; unclassified,False,False,False,False,False,2026-01-12,,2026-01-12,210,30d+,True
R1100,Curtis Hartigan,"AE, Financial Services",2026-05-08,Northwind Freight,northwindfreight,B_probable_name_exact,A1003,Northwind Freight,,,,Priya Oyelaran-Havercamp,T6_unmatched,Chief Technology Officer,cto,750000,High,Closed - no path,,,False,,,,,,,,declared_only:Closed - no path,3_declared_status_only,intro_requests.status='Closed - no path' with no corroborating event evidence,low,False,False,False,True,3,2,bump; possible_duplicate_query; unclassified,False,False,True,True,False,2026-05-08,,2026-05-12,90,30d+,True
R1101,Imani Mkhize,"Enterprise AE, West",2026-05-09,Calderon Aerospace,calderonaerospace,E_unmatched,,,,,,,T6_unmatched,Head of Developer Productivity,devprod,80000,High,Open,,Priya Raghunathan,True,2026-05-11,Y,2026-05-21,Y,2026-05-30,Y,N,meeting_booked,1_outcome_event,intro_outcomes row: meeting_booked=Y,high,True,True,True,True,2,1,routing_challenge; unclassified,False,False,False,False,False,2026-05-12,,2026-05-30,72,30d+,False
R1102,Yusuf Petrossian,SDR Lead,2025-10-27,Strathmore Rail,strathmorerail,C_similar_but_distinct,,,,A1026:Strathmore Holdings(80.0),,,T6_unmatched,VP Engineering,engineering_exec,400000,Low,Routed,Path found,Marcus Aldridge,True,2025-10-31,Y,2025-11-01,N,,N,N,connector_responded_no_intro_recorded,1_outcome_event,"intro_outcomes row: responded=Y, intro_sent=N",medium,False,True,False,True,4,3,blocker_note; no_knowledge; possible_duplicate_query; unclassified,False,False,False,True,False,2025-10-27,,2025-11-01,282,30d+,True
R1103,Nadia Okonkwo,"AE, Industrials",2025-11-29,,,E_unmatched,,,,,,,T6_unmatched,SVP Digital,cdo_digital,250000,High,Intro sent,No path found,,False,,,,,,,,declared_only:Intro sent,3_declared_status_only,intro_requests.status='Intro sent' with no corroborating event evidence,low,False,False,False,True,1,0,unclassified,False,False,False,False,False,,,2025-11-29,254,30d+,True
R1104,Bertrand Vandermolen,"AE, EMEA",2025-12-20,Ellerby Semiconductor,ellerbysemiconductor,B_probable_shared_domain_group,,,DG_ellerbysemi.com,"A91020:Ellerby Semiconductor, Inc.; A1020:Ellerby Semiconductor",,,T6_unmatched,VP Engineering,engineering_exec,2000000,Medium,Open,,Tomás Beckett,True,2025-12-22,Y,2025-12-28,N,,N,N,connector_responded_no_intro_recorded,1_outcome_event,"intro_outcomes row: responded=Y, intro_sent=N",medium,False,True,False,True,4,3,blocker_note; bump; possible_duplicate_query; routing_challenge,False,False,True,True,False,2025-12-21,,2025-12-28,225,30d+,True
R1105,Imani Mkhize,"Enterprise AE, West",2025-09-14,Thornbury Financial,thornburyfinancial,B_probable_name_exact,A1015,THORNBURYFINANCIAL,,,,Wren Kettleborough-Jarrold,T6_unmatched,Chief Information Officer,cio,2000000,High,Open,Unknown,,False,,,,,,,,declared_only:Open,3_declared_status_only,intro_requests.status='Open' with no corroborating event evidence,low,False,False,False,True,3,2,bump; no_knowledge; unclassified,False,False,True,False,False,2025-09-15,,2025-09-18,326,30d+,True
R1106,Yusuf Petrossian,SDR Lead,2026-07-14,,,E_unmatched,,,,,,Arjun Lindqvist-Lomsadze,T6_unmatched,Head of Developer Productivity,devprod,80000,Critical,Stalled,,,False,,,,,,,,declared_only:Stalled,3_declared_status_only,intro_requests.status='Stalled' with no corroborating event evidence,low,False,False,False,True,3,2,qualification_question; routing_challenge; unclassified,False,False,False,False,False,2026-07-14,,2026-07-18,23,14-29d,False
R1107,Nadia Okonkwo,"AE, Industrials",2025-11-05,Vireo Systems,vireosystems,E_unmatched,,,,,,,T6_unmatched,Head of Developer Productivity,devprod,750000,High,Intro sent,Path found,Elena Duvall,True,2025-11-09,Y,2025-11-14,N,,N,N,connector_responded_no_intro_recorded,1_outcome_event,"intro_outcomes row: responded=Y, intro_sent=N",medium,False,True,False,True,4,3,no_knowledge; possible_duplicate_query; qualification_question; unclassified,False,False,False,True,False,2025-11-05,,2025-11-14,269,30d+,True
R1108,Yusuf Petrossian,SDR Lead,2025-10-09,Gravenhurst Motors,gravenhurstmotors,B_probable_name_exact,A1041,Gravenhurst Motors,,,,Mei Sandoval-Kettleborough,T6_unmatched,VP Engineering,engineering_exec,250000,Critical,Stalled,No path found,Hana Nakashima,True,2025-10-11,Y,2025-10-23,N,,N,N,connector_responded_no_intro_recorded,1_outcome_event,"intro_outcomes row: responded=Y, intro_sent=N",medium,False,True,False,True,5,4,blocker_note; bump; unclassified; volunteer_offer,True,False,True,False,False,2025-10-09,2025-10-09,2025-10-23,291,30d+,True
R1109,Bertrand Vandermolen,"AE, EMEA",2025-10-24,Ravensmoor Defense,ravensmoordefense,B_probable_name_exact,A1031,Ravensmoor Defense,,,,,T6_unmatched,VP Engineering,engineering_exec,150000,Critical,Closed - no path,No path found,,False,,,,,,,,volunteered_no_recorded_followup,2_explicit_slack_statement,someone offered to help in Slack; no outcome row and no recorded follow-up,medium,False,False,False,True,3,2,qualification_question; unclassified; volunteer_offer,True,False,False,False,False,2025-10-24,2025-10-26,2025-10-26,288,30d+,True
R1110,Sloane Fairweather,Strategic AE,2026-07-13,,,E_unmatched,,,,,,Rosalind Isenberg-Prendergast,T6_unmatched,Chief Technology Officer,cto,250000,High,Stalled,,Marcus Aldridge,True,2026-07-16,Y,2026-07-22,N,,N,N,connector_responded_no_intro_recorded,1_outcome_event,"intro_outcomes row: responded=Y, intro_sent=N",medium,False,True,True,True,3,2,blocker_note; no_knowledge; unclassified,False,False,False,False,False,2026-07-13,,2026-07-22,19,14-29d,False
R1111,Imani Mkhize,"Enterprise AE, West",2026-01-29,Vantage Ridge Utilities,vantageridgeutilities,B_probable_name_exact,A1007,Vantage Ridge Utilities,,,,,T6_unmatched,Chief Operating Officer,coo,1200000,Medium,Intro sent,Unknown,,False,,,,,,,,declared_only:Intro sent,3_declared_status_only,intro_requests.status='Intro sent' with no corroborating event evidence,low,False,False,False,True,2,1,qualification_question; unclassified,False,False,False,False,False,2026-02-01,,2026-02-01,190,30d+,True
R1112,Yusuf Petrossian,SDR Lead,2026-01-15,,,E_unmatched,,,,,,Nadia Mkhize-Ferreira,T6_unmatched,VP Engineering,engineering_exec,80000,High,Closed - no path,,,False,,,,,,,,declared_only:Closed - no path,3_declared_status_only,intro_requests.status='Closed - no path' with no corroborating event evidence,low,False,False,False,True,2,1,qualification_question; unclassified,False,False,False,False,False,2026-01-19,,2026-01-19,203,30d+,True
R1113,Imani Mkhize,"Enterprise AE, West",2026-02-01,Kingsmere Retail Group,kingsmereretail,E_unmatched,,,,,,,T6_unmatched,Chief Digital Officer,cdo_digital,150000,Medium,Open,Path found,Dana Whitfield,True,2026-02-03,Y,2026-02-04,N,,N,N,connector_responded_no_intro_recorded,1_outcome_event,"intro_outcomes row: responded=Y, intro_sent=N",medium,False,True,False,True,2,1,referral_suggestion; unclassified,False,True,False,False,False,2026-02-05,2026-02-05,2026-02-05,186,30d+,True
R1114,Yusuf Petrossian,SDR Lead,2026-02-17,Marchford Clinics,marchfordclinics,B_probable_name_exact,A1018,Marchford Clinics,,,,,T6_unmatched,Head of Platform Engineering,platform,2000000,Medium,Stalled,,Marcus Aldridge,True,2026-02-19,Y,2026-02-24,N,,N,N,connector_responded_no_intro_recorded,1_outcome_event,"intro_outcomes row: responded=Y, intro_sent=N",medium,False,True,False,True,3,2,blocker_note; routing_challenge; unclassified,False,False,False,False,False,2026-02-19,,2026-02-24,167,30d+,True
R1115,Curtis Hartigan,"AE, Financial Services",2026-02-20,Gravenhurst Motors,gravenhurstmotors,B_probable_name_exact,A1041,Gravenhurst Motors,,,,,T6_unmatched,SVP Digital,cdo_digital,2000000,High,Intro sent,No path found,,False,,,,,,,,volunteered_no_recorded_followup,2_explicit_slack_statement,someone offered to help in Slack; no outcome row and no recorded follow-up,medium,False,False,False,True,5,4,blocker_note; possible_duplicate_query; unclassified; volunteer_offer,True,False,False,True,False,2026-02-20,2026-02-20,2026-02-22,169,30d+,True
R1116,Curtis Hartigan,"AE, Financial Services",2026-04-24,,,E_unmatched,,,,,,,T6_unmatched,Chief Digital Officer,cdo_digital,2000000,Medium,Open,,,False,,,,,,,,declared_only:Open,3_declared_status_only,intro_requests.status='Open' with no corroborating event evidence,low,False,False,False,True,3,2,possible_duplicate_query; referral_suggestion; unclassified,False,True,False,True,False,2026-04-24,2026-04-24,2026-04-24,108,30d+,True
R1117,Yusuf Petrossian,SDR Lead,2026-04-11,Sablefield Motors,sablefieldmotors,B_probable_name_exact,A1005,Sablefield Motors,,,,Sloane Ingleby-Prendergast,T6_unmatched,SVP Digital,cdo_digital,250000,Low,Open,No path found,,False,,,,,,,,declared_only:Open,3_declared_status_only,intro_requests.status='Open' with no corroborating event evidence,low,False,False,False,True,4,3,no_knowledge; possible_duplicate_query; unclassified,False,False,False,True,False,2026-04-11,,2026-04-13,119,30d+,True
R1118,Nadia Okonkwo,"AE, Industrials",2025-09-15,Priorwood Chemicals,priorwoodchemicals,B_probable_name_exact,A1030,Priorwood Chemicals,,,,,T6_unmatched,Chief Operating Officer,coo,1200000,Critical,Open,,Tomás Beckett,True,2025-09-16,Y,2025-09-17,N,,N,N,connector_responded_no_intro_recorded,1_outcome_event,"intro_outcomes row: responded=Y, intro_sent=N",medium,False,True,False,True,2,1,routing_challenge; unclassified,False,False,False,False,False,2025-09-18,,2025-09-18,326,30d+,True
R1119,Imani Mkhize,"Enterprise AE, West",2026-06-10,,,E_unmatched,,,,,,Freya Havercamp-Drummond,T6_unmatched,VP Enterprise Architecture,,150000,Critical,Open,Unknown,,False,,,,,,,,declared_only:Open,3_declared_status_only,intro_requests.status='Open' with no corroborating event evidence,low,False,False,False,True,2,1,possible_duplicate_query; unclassified,False,False,False,True,False,2026-06-11,,2026-06-11,60,30d+,True
R1120,Yusuf Petrossian,SDR Lead,2025-10-28,Duncastle Hotels,duncastlehotels,C_similar_but_distinct,,,,A1029:Duncastle Holdings(72.0),,,T6_unmatched,Chief Information Officer,cio,80000,High,Stalled,,Priya Raghunathan,True,2025-10-30,N,,N,,N,N,asked_awaiting_connector_response,1_outcome_event,"intro_outcomes row: connector asked, responded=N",medium,False,True,False,True,2,1,bump; possible_duplicate_query,False,False,True,True,False,2025-11-01,,2025-11-01,282,30d+,True
R1121,Sloane Fairweather,Strategic AE,2025-09-11,,,E_unmatched,,,,,,,T6_unmatched,VP Engineering,engineering_exec,80000,Medium,Stalled,Unknown,Marcus Aldridge,True,2025-09-17,Y,2025-09-23,Y,2025-09-26,N,N,intro_sent,1_outcome_event,intro_outcomes row: intro_sent=Y,high,True,True,True,True,2,1,no_knowledge; unclassified,False,False,False,False,False,2025-09-14,,2025-09-26,318,30d+,False
R1122,Rafael Salcedo,"AE, Transport & Logistics",2026-07-19,Gravenhurst Motors,gravenhurstmotors,B_probable_name_exact,A1041,Gravenhurst Motors,,,,,T6_unmatched,SVP Digital,cdo_digital,1200000,Low,Intro sent,No path found,Curtis Hartigan,True,2026-07-25,Y,2026-08-05,Y,2026-08-10,Y,N,meeting_booked,1_outcome_event,intro_outcomes row: meeting_booked=Y,high,True,True,True,True,2,1,unclassified; volunteer_offer,True,False,False,False,False,2026-07-20,2026-07-20,2026-08-10,0,<7d,False
R1123,Imani Mkhize,"Enterprise AE, West",2026-04-22,Brightmoor Energy,brightmoorenergy,B_probable_shared_domain_group,,,DG_brightmoorenergy.com,A91006:Brightmoor Energy Inc; A1006:Brightmoor Energy,,,T6_unmatched,VP Enterprise Architecture,,2000000,High,Routed,Unknown,Elena Duvall,True,2026-04-22,Y,2026-04-28,Y,2026-04-29,N,N,intro_sent,1_outcome_event,intro_outcomes row: intro_sent=Y,high,True,True,True,True,2,1,routing_challenge; unclassified,False,False,False,False,False,2026-04-23,,2026-04-29,103,30d+,False
R1124,Yusuf Petrossian,SDR Lead,2025-11-10,Hollowbrook Grocers,hollowbrookgrocers,B_probable_shared_domain_group,,,DG_hollowbrook.com,A1024:Hollowbrook Grocers; A91024:Hollowbrook Grocers Inc.,,,T6_unmatched,VP Engineering,engineering_exec,1200000,High,Open,No path found,Priya Raghunathan,True,2025-11-13,N,,N,,N,N,asked_awaiting_connector_response,1_outcome_event,"intro_outcomes row: connector asked, responded=N",medium,False,True,False,True,2,1,unclassified; volunteer_offer,True,False,False,False,False,2025-11-10,2025-11-10,2025-11-13,270,30d+,True
R1125,Sloane Fairweather,Strategic AE,2026-07-05,Strathmore Rail,strathmorerail,C_similar_but_distinct,,,,A1026:Strathmore Holdings(80.0),,,T6_unmatched,Chief Operating Officer,coo,400000,High,Open,Path found,,False,,,,,,,,declared_only:Open,3_declared_status_only,intro_requests.status='Open' with no corroborating event evidence,low,False,False,False,True,4,3,bump; possible_duplicate_query; qualification_question,False,False,True,True,False,2026-07-06,,2026-07-06,35,30d+,True
R1126,Sloane Fairweather,Strategic AE,2026-03-09,Cobalt Lane,cobaltlane,C_similar_but_distinct,,,,A1038:Cobalt Lane Capital Markets(57.9),,,T6_unmatched,Chief Information Officer,cio,750000,High,Open,,,False,,,,,,,,declared_only:Open,3_declared_status_only,intro_requests.status='Open' with no corroborating event evidence,low,False,False,False,True,3,2,blocker_note; bump; unclassified,False,False,True,False,False,2026-03-13,,2026-03-13,150,30d+,True
R1127,Imani Mkhize,"Enterprise AE, West",2026-05-26,Halcyon Grid,halcyongrid,B_probable_name_exact,A1008,Halcyon Grid,,,,,T6_unmatched,SVP Digital,cdo_digital,750000,High,Open,No path found,,False,,,,,,,,declared_only:Open,3_declared_status_only,intro_requests.status='Open' with no corroborating event evidence,low,False,False,False,True,2,1,bump; no_knowledge,False,False,True,False,False,2026-05-28,,2026-05-28,74,30d+,True
R1128,Nadia Okonkwo,"AE, Industrials",2025-12-26,Kingsmere Retail Group,kingsmereretail,E_unmatched,,,,,,,T6_unmatched,VP Enterprise Architecture,,80000,Critical,Routed,Unknown,,False,,,,,,,,declared_only:Routed,3_declared_status_only,intro_requests.status='Routed' with no corroborating event evidence,low,False,False,False,True,2,1,bump; unclassified,False,False,True,False,False,2025-12-28,,2025-12-28,225,30d+,True
R1129,Nadia Okonkwo,"AE, Industrials",2026-05-06,,,E_unmatched,,,,,,,T6_unmatched,Chief Digital Officer,cdo_digital,1200000,Critical,Routed,Unknown,Marcus Aldridge,True,2026-05-07,Y,2026-05-17,Y,2026-05-19,Y,Y,opportunity_created,1_outcome_event,intro_outcomes row: opportunity_created=Y,high,True,True,True,True,3,2,possible_duplicate_query; routing_challenge; unclassified,False,False,False,True,False,2026-05-10,,2026-05-19,83,30d+,False
R1130,Sloane Fairweather,Strategic AE,2026-02-04,Blackwood Industrial,blackwoodindustrial,C_similar_but_distinct,,,,A1010:Blackwood Holdings(62.1),,Ilse Wolstenholme-Oyelaran,T6_unmatched,Director of Software Engineering,cto,80000,Low,Stalled,No path found,Tomás Beckett,True,2026-02-10,Y,2026-02-19,N,,N,N,connector_responded_no_intro_recorded,1_outcome_event,"intro_outcomes row: responded=Y, intro_sent=N",medium,False,True,False,True,2,1,unclassified; volunteer_offer,True,False,False,False,False,2026-02-06,2026-02-06,2026-02-19,172,30d+,True
R1131,Rafael Salcedo,"AE, Transport & Logistics",2026-06-20,,,E_unmatched,,,,,,,T6_unmatched,Chief Data Officer,cdo_data,1200000,Low,Stalled,,Elena Duvall,True,2026-06-25,N,,N,,N,N,asked_awaiting_connector_response,1_outcome_event,"intro_outcomes row: connector asked, responded=N",medium,False,True,False,True,4,3,no_knowledge; referral_suggestion; routing_challenge; unclassified,False,True,False,False,False,2026-06-21,2026-06-21,2026-06-25,46,30d+,True
R1132,Sloane Fairweather,Strategic AE,2025-12-13,Strathmore Rail,strathmorerail,C_similar_but_distinct,,,,A1026:Strathmore Holdings(80.0),,,T6_unmatched,Chief Operating Officer,coo,150000,High,Routed,,,False,,,,,,,,declared_only:Routed,3_declared_status_only,intro_requests.status='Routed' with no corroborating event evidence,low,False,False,False,True,1,0,bump,False,False,True,False,False,,,2025-12-13,240,30d+,True
R1133,Sloane Fairweather,Strategic AE,2026-04-08,Marrow Point Airways,marrowpointairways,E_unmatched,,,,,,,T6_unmatched,Chief Technology Officer,cto,1200000,Low,Open,,,False,,,,,,,,declared_only:Open,3_declared_status_only,intro_requests.status='Open' with no corroborating event evidence,low,False,False,False,True,2,1,possible_duplicate_query; unclassified,False,False,False,True,False,2026-04-11,,2026-04-11,121,30d+,True
R1134,Bertrand Vandermolen,"AE, EMEA",2026-03-05,,,E_unmatched,,,,,,,T6_unmatched,Chief Technology Officer,cto,1200000,High,Open,Path found,,False,,,,,,,,declared_only:Open,3_declared_status_only,intro_requests.status='Open' with no corroborating event evidence,low,False,False,False,True,3,2,bump; routing_challenge; unclassified,False,False,True,False,False,2026-03-06,,2026-03-06,157,30d+,True
R1135,Curtis Hartigan,"AE, Financial Services",2025-12-08,,,E_unmatched,,,,,redtreefoods.com; redtreefoods.com,Ilse Oldfield-Dobrescu,T6_unmatched,Chief Digital Officer,cdo_digital,750000,High,Open,Unknown,Priya Raghunathan,True,2025-12-13,Y,2025-12-16,N,,N,N,connector_responded_no_intro_recorded,1_outcome_event,"intro_outcomes row: responded=Y, intro_sent=N",medium,False,True,False,True,1,0,unclassified,False,False,False,False,False,,,2025-12-16,237,30d+,True
R1136,Nadia Okonkwo,"AE, Industrials",2026-03-14,Harrowgate Health,harrowgatehealth,B_probable_name_exact,A1050,Harrowgate Health,,,,,T6_unmatched,SVP Digital,cdo_digital,1200000,Low,Open,No path found,,False,,,,,,,,volunteered_no_recorded_followup,2_explicit_slack_statement,someone offered to help in Slack; no outcome row and no recorded follow-up,medium,False,False,False,True,3,2,qualification_question; unclassified; volunteer_offer,True,False,False,False,False,2026-03-16,2026-03-16,2026-03-17,146,30d+,True
R1137,Imani Mkhize,"Enterprise AE, West",2025-09-15,Harrowgate Health,harrowgatehealth,B_probable_name_exact,A1050,Harrowgate Health,,,,Emeka Underhill-Zubkov,T6_unmatched,Chief Digital Officer,cdo_digital,250000,High,Open,Path found,Tomás Beckett,True,2025-09-16,N,,N,,N,N,asked_awaiting_connector_response,1_outcome_event,"intro_outcomes row: connector asked, responded=N",medium,False,True,False,True,3,2,bump; no_knowledge; unclassified,False,False,True,False,False,2025-09-16,,2025-09-17,327,30d+,True
R1138,Yusuf Petrossian,SDR Lead,2026-04-06,Sablefield Motors,sablefieldmotors,B_probable_name_exact,A1005,Sablefield Motors,,,,,T6_unmatched,Chief Information Officer,cio,80000,High,Open,,,False,,,,,,,,declared_only:Open,3_declared_status_only,intro_requests.status='Open' with no corroborating event evidence,low,False,False,False,True,2,1,no_knowledge; unclassified,False,False,False,False,False,2026-04-10,,2026-04-10,122,30d+,True
R1139,Bertrand Vandermolen,"AE, EMEA",2025-10-28,Brightmoor Energy,brightmoorenergy,B_probable_shared_domain_group,,,DG_brightmoorenergy.com,A91006:Brightmoor Energy Inc; A1006:Brightmoor Energy,,,T6_unmatched,VP Data & Analytics,cdo_data,1200000,Critical,Closed - no path,Path found,,False,,,,,,,,declared_only:Closed - no path,3_declared_status_only,intro_requests.status='Closed - no path' with no corroborating event evidence,low,False,False,False,True,4,3,bump; possible_duplicate_query; qualification_question; routing_challenge,False,False,True,True,False,2025-10-28,,2025-11-01,282,30d+,True
R1140,Yusuf Petrossian,SDR Lead,2025-09-17,Harrowgate Health,harrowgatehealth,B_probable_name_exact,A1050,Harrowgate Health,,,,,T6_unmatched,Chief Digital Officer,cdo_digital,80000,Low,Open,Path found,Tomás Beckett,True,2025-09-18,Y,2025-09-27,Y,2025-10-08,N,N,intro_sent,1_outcome_event,intro_outcomes row: intro_sent=Y,high,True,True,True,True,4,3,bump; qualification_question; routing_challenge; unclassified,False,False,True,False,False,2025-09-17,,2025-10-08,306,30d+,False
R1141,Curtis Hartigan,"AE, Financial Services",2025-11-25,Ironvale Steel,ironvalesteel,B_probable_name_exact,A1009,Ironvale Steel,,,,,T6_unmatched,VP Enterprise Architecture,,400000,High,Intro sent,Path found,Priya Raghunathan,True,2025-11-25,Y,2025-11-28,Y,2025-12-06,N,N,intro_sent,1_outcome_event,intro_outcomes row: intro_sent=Y,high,True,True,True,True,4,3,possible_duplicate_query; qualification_question; unclassified,False,False,False,True,False,2025-11-26,,2025-12-06,247,30d+,False
R1142,Rafael Salcedo,"AE, Transport & Logistics",2025-09-26,Marchford Clinics,marchfordclinics,B_probable_name_exact,A1018,Marchford Clinics,,,,,T6_unmatched,Chief Technology Officer,cto,2000000,Low,Stalled,,,False,,,,,,,,declared_only:Stalled,3_declared_status_only,intro_requests.status='Stalled' with no corroborating event evidence,low,False,False,False,True,2,1,no_knowledge; unclassified,False,False,False,False,False,2025-09-28,,2025-09-28,316,30d+,True
R1143,Sloane Fairweather,Strategic AE,2026-03-04,Gravenhurst Motors,gravenhurstmotors,B_probable_name_exact,A1041,Gravenhurst Motors,,,,,T6_unmatched,Chief Operating Officer,coo,150000,Low,Routed,Path found,,False,,,,,,,,declared_only:Routed,3_declared_status_only,intro_requests.status='Routed' with no corroborating event evidence,low,False,False,False,True,1,0,unclassified,False,False,False,False,False,,,2026-03-04,159,30d+,True
R1144,Curtis Hartigan,"AE, Financial Services",2025-08-17,Cindermill Mining,cindermillmining,C_similar_but_distinct,,,,A1025:Cindermill Holdings(74.1),,,T6_unmatched,VP Engineering,engineering_exec,400000,Critical,Open,Unknown,,False,,,,,,,,declared_only:Open,3_declared_status_only,intro_requests.status='Open' with no corroborating event evidence,low,False,False,False,True,3,2,blocker_note; routing_challenge; unclassified,False,False,False,False,False,2025-08-17,,2025-08-19,356,30d+,True
R1145,Bertrand Vandermolen,"AE, EMEA",2026-04-12,,,E_unmatched,,,,,,Zaid Falkenrath-Lomsadze,T6_unmatched,SVP Digital,cdo_digital,80000,High,Stalled,,,False,,,,,,,,declared_only:Stalled,3_declared_status_only,intro_requests.status='Stalled' with no corroborating event evidence,low,False,False,False,True,3,2,possible_duplicate_query; routing_challenge; unclassified,False,False,False,True,False,2026-04-12,,2026-04-12,120,30d+,True
R1146,Nadia Okonkwo,"AE, Industrials",2026-03-15,,,E_unmatched,,,,,,,T6_unmatched,Chief Operating Officer,coo,1200000,High,Intro sent,Unknown,,False,,,,,,,,declared_only:Intro sent,3_declared_status_only,intro_requests.status='Intro sent' with no corroborating event evidence,low,False,False,False,True,2,1,routing_challenge; unclassified,False,False,False,False,False,2026-03-16,,2026-03-16,147,30d+,True
R1147,Hana Nakashima,"AE, Healthcare",2026-02-11,Kingsmere Retail Group,kingsmereretail,E_unmatched,,,,,,,T6_unmatched,VP Enterprise Architecture,,1200000,Medium,Closed - no path,Unknown,Dana Whitfield,True,2026-02-16,N,,N,,N,N,asked_awaiting_connector_response,1_outcome_event,"intro_outcomes row: connector asked, responded=N",medium,False,True,False,True,1,0,unclassified,False,False,False,False,False,,,2026-02-16,175,30d+,True
R1148,Hana Nakashima,"AE, Healthcare",2026-04-14,Thistledown Energy,thistledownenergy,B_probable_name_exact,A1046,Thistledown Energy,,,,,T6_unmatched,Chief Information Officer,cio,150000,High,Intro sent,No path found,,False,,,,,,,,declared_only:Intro sent,3_declared_status_only,intro_requests.status='Intro sent' with no corroborating event evidence,low,False,False,False,True,4,3,referral_suggestion; routing_challenge; unclassified,False,True,False,False,False,2026-04-15,2026-04-15,2026-04-17,115,30d+,True
R1149,Rafael Salcedo,"AE, Transport & Logistics",2026-05-02,Gravenhurst Motors,gravenhurstmotors,B_probable_name_exact,A1041,Gravenhurst Motors,,,,,T6_unmatched,Chief Digital Officer,cdo_digital,80000,Critical,Routed,Path found,Priya Raghunathan,True,2026-05-05,Y,2026-05-15,Y,2026-05-23,Y,Y,opportunity_created,1_outcome_event,intro_outcomes row: opportunity_created=Y,high,True,True,True,True,3,2,possible_duplicate_query; unclassified,False,False,False,True,False,2026-05-02,,2026-05-23,79,30d+,False
R1150,Curtis Hartigan,"AE, Financial Services",2026-03-09,Priorwood Chemicals,priorwoodchemicals,B_probable_name_exact,A1030,Priorwood Chemicals,,,,,T6_unmatched,Chief Information Officer,cio,750000,High,Stalled,Path found,Tomás Beckett,True,2026-03-09,Y,2026-03-11,Y,2026-03-16,Y,Y,opportunity_created,1_outcome_event,intro_outcomes row: opportunity_created=Y,high,True,True,True,True,2,1,bump; unclassified,False,False,True,False,False,2026-03-11,,2026-03-16,147,30d+,False
R1151,Nadia Okonkwo,"AE, Industrials",2026-07-20,Copperline Water,copperlinewater,E_unmatched,,,,,,Nadia Bellinger-Ingleby,T6_unmatched,VP Engineering,engineering_exec,250000,High,Closed - no path,,,False,,,,,,,,declared_only:Closed - no path,3_declared_status_only,intro_requests.status='Closed - no path' with no corroborating event evidence,low,False,False,False,True,3,2,possible_duplicate_query; unclassified,False,False,False,True,False,2026-07-22,,2026-07-24,17,14-29d,False
R1152,Rafael Salcedo,"AE, Transport & Logistics",2025-12-18,Thistledown Energy,thistledownenergy,B_probable_name_exact,A1046,Thistledown Energy,,,,,T6_unmatched,Head of Developer Productivity,devprod,400000,High,Routed,No path found,,False,,,,,,,,declared_only:Routed,3_declared_status_only,intro_requests.status='Routed' with no corroborating event evidence,low,False,False,False,True,1,0,unclassified,False,False,False,False,False,,,2025-12-18,235,30d+,True
R1153,Nadia Okonkwo,"AE, Industrials",2025-11-29,Harrowgate Health,harrowgatehealth,B_probable_name_exact,A1050,Harrowgate Health,,,,,T6_unmatched,Chief Operating Officer,coo,750000,Critical,Stalled,Unknown,,False,,,,,,,,declared_only:Stalled,3_declared_status_only,intro_requests.status='Stalled' with no corroborating event evidence,low,False,False,False,True,1,0,unclassified,False,False,False,False,False,,,2025-11-29,254,30d+,True
R1154,Yusuf Petrossian,SDR Lead,2026-03-02,Apex Logistics Group,apexlogistics,B_probable_shared_domain_group,,,DG_apexlogistics.com,"A91001:Apex Logistics, Inc.; A1001:Apex Logistics",,,T6_unmatched,Head of Platform Engineering,platform,2000000,Critical,Stalled,Path found,Marcus Aldridge,True,2026-03-05,Y,2026-03-06,Y,2026-03-11,N,N,intro_sent,1_outcome_event,intro_outcomes row: intro_sent=Y,high,True,True,True,True,2,1,qualification_question; unclassified,False,False,False,False,False,2026-03-02,,2026-03-11,152,30d+,False
R1155,Hana Nakashima,"AE, Healthcare",2026-06-28,Vireo Systems,vireosystems,E_unmatched,,,,,,Niall Jarrold-Norrington,T6_unmatched,VP Engineering,engineering_exec,1200000,Low,Intro sent,,Elena Duvall,True,2026-07-01,N,,N,,N,N,asked_awaiting_connector_response,1_outcome_event,"intro_outcomes row: connector asked, responded=N",medium,False,True,False,True,4,3,possible_duplicate_query; qualification_question; routing_challenge; unclassified,False,False,False,True,False,2026-06-28,,2026-07-01,40,30d+,True
R1156,Hana Nakashima,"AE, Healthcare",2025-10-01,Wrenfield Robotics,wrenfieldrobotics,B_probable_name_exact,A1036,WRENFIELDROBOTICS,,,,,T6_unmatched,Head of Developer Productivity,devprod,1200000,High,Routed,Unknown,Priya Raghunathan,True,2025-10-01,Y,2025-10-09,Y,2025-10-18,N,N,intro_sent,1_outcome_event,intro_outcomes row: intro_sent=Y,high,True,True,True,True,1,0,unclassified,False,False,False,False,False,,,2025-10-18,296,30d+,False
R1157,Yusuf Petrossian,SDR Lead,2026-04-28,Harrowgate Health,harrowgatehealth,B_probable_name_exact,A1050,Harrowgate Health,,,,,T6_unmatched,VP Enterprise Architecture,,750000,Medium,Stalled,Unknown,Tomás Beckett,True,2026-05-01,Y,2026-05-09,N,,N,N,connector_responded_no_intro_recorded,1_outcome_event,"intro_outcomes row: responded=Y, intro_sent=N",medium,False,True,False,True,4,3,blocker_note; possible_duplicate_query; qualification_question; unclassified,False,False,False,True,False,2026-04-28,,2026-05-09,93,30d+,True
R1158,Rafael Salcedo,"AE, Transport & Logistics",2025-10-30,Gravenhurst Motors,gravenhurstmotors,B_probable_name_exact,A1041,Gravenhurst Motors,,,,,T6_unmatched,Head of Platform Engineering,platform,750000,Critical,Open,Unknown,,False,,,,,,,,declared_only:Open,3_declared_status_only,intro_requests.status='Open' with no corroborating event evidence,low,False,False,False,True,3,2,possible_duplicate_query; routing_challenge; unclassified,False,False,False,True,False,2025-11-02,,2025-11-03,280,30d+,True
R1159,Bertrand Vandermolen,"AE, EMEA",2025-12-11,,,E_unmatched,,,,,,,T6_unmatched,VP Enterprise Architecture,,1200000,Critical,Open,,,False,,,,,,,,declared_only:Open,3_declared_status_only,intro_requests.status='Open' with no corroborating event evidence,low,False,False,False,True,3,2,blocker_note; possible_duplicate_query; unclassified,False,False,False,True,False,2025-12-11,,2025-12-13,240,30d+,True
R1160,Bertrand Vandermolen,"AE, EMEA",2026-05-22,Gravenhurst Motors,gravenhurstmotors,B_probable_name_exact,A1041,Gravenhurst Motors,,,,Gideon Fontaine-Crowther,T6_unmatched,Director of Software Engineering,cto,150000,High,Closed - no path,Path found,Priya Raghunathan,True,2026-05-26,Y,2026-06-06,Y,2026-06-14,N,N,intro_sent,1_outcome_event,intro_outcomes row: intro_sent=Y,high,True,True,True,True,3,2,no_knowledge; referral_suggestion; unclassified,False,True,False,False,False,2026-05-26,2026-05-26,2026-06-14,57,30d+,False
R1161,Bertrand Vandermolen,"AE, EMEA",2025-12-20,Northwind Freight,northwindfreight,B_probable_name_exact,A1003,Northwind Freight,,,,Malik Højgaard-Ferreira,T6_unmatched,Chief Digital Officer,cdo_digital,80000,Critical,Routed,No path found,,False,,,,,,,,declared_only:Routed,3_declared_status_only,intro_requests.status='Routed' with no corroborating event evidence,low,False,False,False,True,2,1,referral_suggestion; unclassified,False,True,False,False,False,2025-12-20,2025-12-20,2025-12-20,233,30d+,True
R1162,Curtis Hartigan,"AE, Financial Services",2026-06-02,,,E_unmatched,,,,,,,T6_unmatched,Chief Information Officer,cio,80000,High,Open,,Marcus Aldridge,True,2026-06-04,N,,N,,N,N,asked_awaiting_connector_response,1_outcome_event,"intro_outcomes row: connector asked, responded=N",medium,False,True,False,True,2,1,no_knowledge; unclassified,False,False,False,False,False,2026-06-02,,2026-06-04,67,30d+,True
R1163,Curtis Hartigan,"AE, Financial Services",2026-03-25,Osric Networks,osricnetworks,B_probable_name_exact,A1044,Osric Networks,,,,,T6_unmatched,Chief Data Officer,cdo_data,400000,High,Open,No path found,Elena Duvall,True,2026-03-27,Y,2026-04-01,Y,2026-04-02,Y,Y,opportunity_created,1_outcome_event,intro_outcomes row: opportunity_created=Y,high,True,True,True,True,4,3,no_knowledge; possible_duplicate_query; unclassified; volunteer_offer,True,False,False,True,False,2026-03-25,2026-03-27,2026-04-02,130,30d+,False
R1164,Hana Nakashima,"AE, Healthcare",2025-08-06,,,E_unmatched,,,,,thornburyfinancial.com; thornburyfinancial.com,Marisol Glückstein-Havercamp,T6_unmatched,Director of Software Engineering,cto,150000,Low,Intro sent,Unknown,,False,,,,,,,,declared_only:Intro sent,3_declared_status_only,intro_requests.status='Intro sent' with no corroborating event evidence,low,False,False,False,True,4,3,bump; routing_challenge; unclassified,False,False,True,False,False,2025-08-06,,2025-08-09,366,30d+,True
R1165,Sloane Fairweather,Strategic AE,2026-04-30,Pemberton Retail,pembertonretail,B_probable_name_exact,A1023,Pemberton Retail,,,,,T6_unmatched,Head of Platform Engineering,platform,80000,Low,Open,,,False,,,,,,,,declared_only:Open,3_declared_status_only,intro_requests.status='Open' with no corroborating event evidence,low,False,False,False,True,1,0,unclassified,False,False,False,False,False,,,2026-04-30,102,30d+,True
R1166,Rafael Salcedo,"AE, Transport & Logistics",2025-11-08,Vireo Systems,vireosystems,E_unmatched,,,,,,,T6_unmatched,Chief Operating Officer,coo,750000,High,Closed - no path,Path found,Elena Duvall,True,2025-11-13,Y,2025-11-21,N,,N,N,connector_responded_no_intro_recorded,1_outcome_event,"intro_outcomes row: responded=Y, intro_sent=N",medium,False,True,False,True,1,0,unclassified,False,False,False,False,False,,,2025-11-21,262,30d+,True
R1167,Nadia Okonkwo,"AE, Industrials",2026-01-15,Osric Networks,osricnetworks,B_probable_name_exact,A1044,Osric Networks,,,,Desmond Wexford-Norrington,T6_unmatched,Director of Software Engineering,cto,250000,Critical,Stalled,No path found,Priya Raghunathan,True,2026-01-17,Y,2026-01-21,Y,2026-01-31,Y,N,meeting_booked,1_outcome_event,intro_outcomes row: meeting_booked=Y,high,True,True,True,True,4,3,bump; qualification_question; unclassified; volunteer_offer,True,False,True,False,False,2026-01-15,2026-01-16,2026-01-31,191,30d+,False
R1168,Bertrand Vandermolen,"AE, EMEA",2026-07-22,Meridian Peak Foods,meridianpeakfoods,C_similar_but_distinct,,,,A1034:Meridian Holdings(59.3),,,T6_unmatched,VP Engineering,engineering_exec,750000,Medium,Open,Path found,Priya Raghunathan,True,2026-07-23,Y,2026-07-24,Y,2026-08-04,Y,Y,opportunity_created,1_outcome_event,intro_outcomes row: opportunity_created=Y,high,True,True,True,True,4,3,bump; qualification_question; unclassified,False,False,True,False,False,2026-07-24,,2026-08-04,6,<7d,False
R1169,Curtis Hartigan,"AE, Financial Services",2026-07-10,Yarrowdale Media,yarrowdalemedia,B_probable_name_exact,A1028,Yarrowdale Media,,,,,T6_unmatched,VP Data & Analytics,cdo_data,150000,High,Stalled,No path found,Bertrand Vandermolen,True,2026-07-12,N,,N,,N,N,asked_awaiting_connector_response,1_outcome_event,"intro_outcomes row: connector asked, responded=N",medium,False,True,True,True,2,1,unclassified; volunteer_offer,True,False,False,False,False,2026-07-10,2026-07-10,2026-07-12,29,14-29d,False
R1170,Hana Nakashima,"AE, Healthcare",2025-09-10,Osric Networks,osricnetworks,B_probable_name_exact,A1044,Osric Networks,,,,,T6_unmatched,SVP Digital,cdo_digital,1200000,High,Open,No path found,,False,,,,,,,,declared_only:Open,3_declared_status_only,intro_requests.status='Open' with no corroborating event evidence,low,False,False,False,True,1,0,unclassified,False,False,False,False,False,,,2025-09-10,334,30d+,True
R1171,Curtis Hartigan,"AE, Financial Services",2026-01-12,Kingsmere Retail Group,kingsmereretail,E_unmatched,,,,,,Tanvi Prendergast-Falkenrath,T6_unmatched,VP Enterprise Architecture,,1200000,Medium,Open,,Dana Whitfield,True,2026-01-15,Y,2026-01-27,Y,2026-02-04,N,N,intro_sent,1_outcome_event,intro_outcomes row: intro_sent=Y,high,True,True,True,True,2,1,blocker_note; unclassified,False,False,False,False,False,2026-01-13,,2026-02-04,187,30d+,False
R1172,Hana Nakashima,"AE, Healthcare",2025-10-21,Meridian Peak Foods,meridianpeakfoods,C_similar_but_distinct,,,,A1034:Meridian Holdings(59.3),,Noor Isenberg-Dobrescu,T6_unmatched,VP Engineering,engineering_exec,150000,High,Intro sent,Path found,Priya Raghunathan,True,2025-10-21,N,,N,,N,N,asked_awaiting_connector_response,1_outcome_event,"intro_outcomes row: connector asked, responded=N",medium,False,True,False,True,1,0,unclassified,False,False,False,False,False,,,2025-10-21,293,30d+,True
R1173,Rafael Salcedo,"AE, Transport & Logistics",2025-10-06,Harrowgate Health,harrowgatehealth,B_probable_name_exact,A1050,Harrowgate Health,,,,,T6_unmatched,VP Engineering,engineering_exec,150000,Medium,Intro sent,Unknown,,False,,,,,,,,declared_only:Intro sent,3_declared_status_only,intro_requests.status='Intro sent' with no corroborating event evidence,low,False,False,False,True,1,0,unclassified,False,False,False,False,False,,,2025-10-06,308,30d+,True
R1174,Yusuf Petrossian,SDR Lead,2026-05-29,Priorwood Chemicals,priorwoodchemicals,B_probable_name_exact,A1030,Priorwood Chemicals,,,,Amara Kettleborough-Højgaard,T6_unmatched,Head of Platform Engineering,platform,150000,Critical,Open,Unknown,,False,,,,,,,,declared_only:Open,3_declared_status_only,intro_requests.status='Open' with no corroborating event evidence,low,False,False,False,True,3,2,possible_duplicate_query; qualification_question; unclassified,False,False,False,True,False,2026-05-29,,2026-05-31,71,30d+,True
R1175,Imani Mkhize,"Enterprise AE, West",2025-11-20,Copperline Water,copperlinewater,E_unmatched,,,,,,,T6_unmatched,Chief Digital Officer,cdo_digital,80000,Critical,Closed - no path,No path found,,False,,,,,,,,declared_only:Closed - no path,3_declared_status_only,intro_requests.status='Closed - no path' with no corroborating event evidence,low,False,False,False,True,2,1,bump; possible_duplicate_query,False,False,True,True,False,2025-11-23,,2025-11-23,260,30d+,True
R1176,Yusuf Petrossian,SDR Lead,2026-04-03,Pelham Beverage,pelhambeverage,B_probable_name_exact,A1043,Pelham Beverage,,,,,T6_unmatched,Head of Platform Engineering,platform,400000,Critical,Stalled,No path found,Imani Mkhize,True,2026-04-03,Y,2026-04-14,Y,2026-04-19,Y,Y,opportunity_created,1_outcome_event,intro_outcomes row: opportunity_created=Y,high,True,True,True,True,3,2,routing_challenge; unclassified; volunteer_offer,True,False,False,False,False,2026-04-05,2026-04-05,2026-04-19,113,30d+,False
R1177,Nadia Okonkwo,"AE, Industrials",2026-01-10,,,E_unmatched,,,,,,,T6_unmatched,Chief Digital Officer,cdo_digital,2000000,Medium,Open,No path found,,False,,,,,,,,declared_only:Open,3_declared_status_only,intro_requests.status='Open' with no corroborating event evidence,low,False,False,False,True,3,2,no_knowledge; possible_duplicate_query; unclassified,False,False,False,True,False,2026-01-11,,2026-01-13,209,30d+,True
R1178,Bertrand Vandermolen,"AE, EMEA",2026-05-16,Quillon Pharma,quillonpharma,B_probable_name_exact,A1019,Quillon Pharma,,,,,T6_unmatched,SVP Digital,cdo_digital,750000,High,Closed - no path,Path found,,False,,,,,,,,declared_only:Closed - no path,3_declared_status_only,intro_requests.status='Closed - no path' with no corroborating event evidence,low,False,False,False,True,3,2,possible_duplicate_query; qualification_question; unclassified,False,False,False,True,False,2026-05-16,,2026-05-17,85,30d+,True
R1179,Nadia Okonkwo,"AE, Industrials",2025-12-10,Blackwood Industrial,blackwoodindustrial,C_similar_but_distinct,,,,A1010:Blackwood Holdings(62.1),,,T6_unmatched,SVP Digital,cdo_digital,250000,High,Open,Path found,,False,,,,,,,,declared_only:Open,3_declared_status_only,intro_requests.status='Open' with no corroborating event evidence,low,False,False,False,True,3,2,blocker_note; possible_duplicate_query; unclassified,False,False,False,True,False,2025-12-12,,2025-12-12,241,30d+,True
R1180,Rafael Salcedo,"AE, Transport & Logistics",2025-08-07,Thornbury Financial,thornburyfinancial,B_probable_name_exact,A1015,THORNBURYFINANCIAL,,,,,T6_unmatched,Director of Software Engineering,cto,2000000,High,Routed,No path found,,False,,,,,,,,declared_only:Routed,3_declared_status_only,intro_requests.status='Routed' with no corroborating event evidence,low,False,False,False,True,3,2,blocker_note; bump; unclassified,False,False,True,False,False,2025-08-08,,2025-08-10,365,30d+,True
R1181,Hana Nakashima,"AE, Healthcare",2026-05-03,,,E_unmatched,,,,,,Sabine Zettergren-Ashdown,T6_unmatched,Chief Operating Officer,coo,400000,High,Closed - no path,,,False,,,,,,,,declared_only:Closed - no path,3_declared_status_only,intro_requests.status='Closed - no path' with no corroborating event evidence,low,False,False,False,True,1,0,unclassified,False,False,False,False,False,,,2026-05-03,99,30d+,True
R1182,Yusuf Petrossian,SDR Lead,2026-02-12,,,E_unmatched,,,,,,,T6_unmatched,VP Data & Analytics,cdo_data,2000000,Critical,Open,No path found,,False,,,,,,,,declared_only:Open,3_declared_status_only,intro_requests.status='Open' with no corroborating event evidence,low,False,False,False,True,2,1,bump; unclassified,False,False,True,False,False,2026-02-15,,2026-02-15,176,30d+,True
R1183,Yusuf Petrossian,SDR Lead,2026-04-29,,,E_unmatched,,,,,duncastle.com; duncastle.com,Leandro Okonkwo-Oldfield,T6_unmatched,SVP Digital,cdo_digital,750000,High,Open,Unknown,,False,,,,,,,,declared_only:Open,3_declared_status_only,intro_requests.status='Open' with no corroborating event evidence,low,False,False,False,True,2,1,blocker_note; unclassified,False,False,False,False,False,2026-05-03,,2026-05-03,99,30d+,True
R1184,Bertrand Vandermolen,"AE, EMEA",2026-07-26,Cindermill Mining,cindermillmining,C_similar_but_distinct,,,,A1025:Cindermill Holdings(74.1),,,T6_unmatched,Chief Digital Officer,cdo_digital,750000,Critical,Open,,,False,,,,,,,,declared_only:Open,3_declared_status_only,intro_requests.status='Open' with no corroborating event evidence,low,False,False,False,True,1,0,unclassified,False,False,False,False,False,,,2026-07-26,15,14-29d,False
R1185,Yusuf Petrossian,SDR Lead,2026-02-04,Gravenhurst Motors,gravenhurstmotors,B_probable_name_exact,A1041,Gravenhurst Motors,,,,,T6_unmatched,VP Enterprise Architecture,,1200000,High,Stalled,Path found,Priya Raghunathan,True,2026-02-08,Y,2026-02-14,Y,2026-02-22,N,N,intro_sent,1_outcome_event,intro_outcomes row: intro_sent=Y,high,True,True,True,True,1,0,unclassified,False,False,False,False,False,,,2026-02-22,169,30d+,False
R1186,Hana Nakashima,"AE, Healthcare",2025-12-27,,,E_unmatched,,,,,,,T6_unmatched,VP Engineering,engineering_exec,1200000,Low,Open,,Marcus Aldridge,True,2025-12-28,Y,2026-01-02,Y,2026-01-05,N,N,intro_sent,1_outcome_event,intro_outcomes row: intro_sent=Y,high,True,True,True,True,2,1,possible_duplicate_query; unclassified,False,False,False,True,False,2025-12-27,,2026-01-05,217,30d+,False
R1187,Bertrand Vandermolen,"AE, EMEA",2025-10-29,Ashgrove Agriculture,ashgroveagriculture,B_probable_shared_domain_group,,,DG_ashgroveag.com,A91035:Ashgrove Agriculture Inc; A1035:Ashgrove Agriculture,,Rafael Nakashima-Zettergren,T6_unmatched,Chief Digital Officer,cdo_digital,400000,Critical,Open,No path found,Priya Raghunathan,True,2025-11-01,Y,2025-11-03,N,,N,N,connector_responded_no_intro_recorded,1_outcome_event,"intro_outcomes row: responded=Y, intro_sent=N",medium,False,True,False,True,5,4,possible_duplicate_query; qualification_question; unclassified; volunteer_offer,True,False,False,True,False,2025-10-29,2025-10-29,2025-11-03,280,30d+,True
R1188,Bertrand Vandermolen,"AE, EMEA",2026-02-02,Northwind Freight,northwindfreight,B_probable_name_exact,A1003,Northwind Freight,,,,,T6_unmatched,VP Engineering,engineering_exec,80000,Low,Stalled,Unknown,,False,,,,,,,,declared_only:Stalled,3_declared_status_only,intro_requests.status='Stalled' with no corroborating event evidence,low,False,False,False,True,3,2,blocker_note; routing_challenge; unclassified,False,False,False,False,False,2026-02-02,,2026-02-06,185,30d+,True
R1189,Nadia Okonkwo,"AE, Industrials",2026-02-27,Marrow Point Airways,marrowpointairways,E_unmatched,,,,,,,T6_unmatched,Chief Information Officer,cio,750000,Medium,Open,Unknown,,False,,,,,,,,declared_only:Open,3_declared_status_only,intro_requests.status='Open' with no corroborating event evidence,low,False,False,False,True,1,0,bump,False,False,True,False,False,,,2026-02-27,164,30d+,True
R1190,Yusuf Petrossian,SDR Lead,2026-07-02,Brightmoor Energy,brightmoorenergy,B_probable_shared_domain_group,,,DG_brightmoorenergy.com,A91006:Brightmoor Energy Inc; A1006:Brightmoor Energy,,,T6_unmatched,VP Enterprise Architecture,,1200000,Critical,Routed,,Elena Duvall,True,2026-07-05,Y,2026-07-06,N,,N,N,connector_responded_no_intro_recorded,1_outcome_event,"intro_outcomes row: responded=Y, intro_sent=N",medium,False,True,False,True,4,3,bump; referral_suggestion; routing_challenge,False,True,True,False,False,2026-07-04,2026-07-06,2026-07-06,35,30d+,True
R1191,Yusuf Petrossian,SDR Lead,2025-12-15,Volney Industrial Systems,volneyindustrialsystems,B_probable_name_exact,A1049,Volney Industrial Systems,,,,,T6_unmatched,Chief Digital Officer,cdo_digital,2000000,High,Stalled,,,False,,,,,,,,declared_only:Stalled,3_declared_status_only,intro_requests.status='Stalled' with no corroborating event evidence,low,False,False,False,True,2,1,bump; routing_challenge,False,False,True,False,False,2025-12-18,,2025-12-18,235,30d+,True
R1192,Imani Mkhize,"Enterprise AE, West",2025-08-18,Priorwood Chemicals,priorwoodchemicals,B_probable_name_exact,A1030,Priorwood Chemicals,,,,,T6_unmatched,Chief Operating Officer,coo,2000000,High,Intro sent,Unknown,Tomás Beckett,True,2025-08-23,Y,2025-08-26,Y,2025-08-31,Y,Y,opportunity_created,1_outcome_event,intro_outcomes row: opportunity_created=Y,high,True,True,True,True,4,3,blocker_note; possible_duplicate_query; unclassified,False,False,False,True,False,2025-08-18,,2025-08-31,344,30d+,False
R1193,Rafael Salcedo,"AE, Transport & Logistics",2026-06-05,Kingsmere Retail Group,kingsmereretail,E_unmatched,,,,,,,T6_unmatched,Chief Operating Officer,coo,250000,Low,Stalled,Path found,,False,,,,,,,,declared_only:Stalled,3_declared_status_only,intro_requests.status='Stalled' with no corroborating event evidence,low,False,False,False,True,3,2,possible_duplicate_query; referral_suggestion; unclassified,False,True,False,True,False,2026-06-06,2026-06-06,2026-06-06,65,30d+,True
R1194,Imani Mkhize,"Enterprise AE, West",2026-06-28,Marrow Point Airways,marrowpointairways,E_unmatched,,,,,,,T6_unmatched,VP Data & Analytics,cdo_data,750000,High,Open,Unknown,,False,,,,,,,,declared_only:Open,3_declared_status_only,intro_requests.status='Open' with no corroborating event evidence,low,False,False,False,True,4,3,bump; no_knowledge; possible_duplicate_query; routing_challenge,False,False,True,True,False,2026-06-30,,2026-07-02,39,30d+,True
R1195,Nadia Okonkwo,"AE, Industrials",2026-04-27,,,E_unmatched,,,,,,,T6_unmatched,SVP Digital,cdo_digital,1200000,Low,Open,Path found,,False,,,,,,,,declared_only:Open,3_declared_status_only,intro_requests.status='Open' with no corroborating event evidence,low,False,False,False,True,4,3,no_knowledge; possible_duplicate_query; qualification_question; unclassified,False,False,False,True,False,2026-04-27,,2026-04-29,103,30d+,True
R1196,Bertrand Vandermolen,"AE, EMEA",2026-02-03,Priorwood Chemicals,priorwoodchemicals,B_probable_name_exact,A1030,Priorwood Chemicals,,,,,T6_unmatched,Chief Technology Officer,cto,1200000,Medium,Stalled,Unknown,Tomás Beckett,True,2026-02-07,Y,2026-02-08,Y,2026-02-20,Y,N,meeting_booked,1_outcome_event,intro_outcomes row: meeting_booked=Y,high,True,True,True,True,1,0,bump,False,False,True,False,False,,,2026-02-20,171,30d+,False
R1197,Imani Mkhize,"Enterprise AE, West",2025-08-08,Apex Logistics,apexlogistics,B_probable_shared_domain_group,,,DG_apexlogistics.com,"A91001:Apex Logistics, Inc.; A1001:Apex Logistics",,,T6_unmatched,Head of Developer Productivity,devprod,250000,Low,Intro sent,Unknown,Elena Duvall,True,2025-08-14,Y,2025-08-24,N,,N,N,connector_responded_no_intro_recorded,1_outcome_event,"intro_outcomes row: responded=Y, intro_sent=N",medium,False,True,False,True,3,2,bump; referral_suggestion; unclassified,False,True,True,False,False,2025-08-09,2025-08-10,2025-08-24,351,30d+,True
R1198,Sloane Fairweather,Strategic AE,2025-10-07,Quillon Pharma,quillonpharma,B_probable_name_exact,A1019,Quillon Pharma,,,,,T6_unmatched,Chief Operating Officer,coo,750000,Critical,Closed - no path,Unknown,,False,,,,,,,,declared_only:Closed - no path,3_declared_status_only,intro_requests.status='Closed - no path' with no corroborating event evidence,low,False,False,False,True,4,3,no_knowledge; possible_duplicate_query; unclassified,False,False,False,True,False,2025-10-09,,2025-10-11,303,30d+,True
R1199,Curtis Hartigan,"AE, Financial Services",2025-12-09,Vireo Systems,vireosystems,E_unmatched,,,,,,,T6_unmatched,Chief Digital Officer,cdo_digital,750000,High,Open,Path found,Elena Duvall,True,2025-12-09,N,,N,,N,N,asked_awaiting_connector_response,1_outcome_event,"intro_outcomes row: connector asked, responded=N",medium,False,True,False,True,2,1,qualification_question; unclassified,False,False,False,False,False,2025-12-09,,2025-12-09,244,30d+,True
R1200,Hana Nakashima,"AE, Healthcare",2026-02-15,,,E_unmatched,,,,,,,T6_unmatched,Director of Software Engineering,cto,750000,Medium,Open,,,False,,,,,,,,declared_only:Open,3_declared_status_only,intro_requests.status='Open' with no corroborating event evidence,low,False,False,False,True,2,1,routing_challenge; unclassified,False,False,False,False,False,2026-02-15,,2026-02-15,176,30d+,True
